"predicted returns %","predicted price","ticker.multisma.signals","20 day sma","50 day sma","recommendation signals","actual returns %","ticker.return.factors","open","close","high","low","volume","ticker.sma.signals","ticker.bbands.signals","lower bband ","mavg","higher bband","bband pctb","money flow index","Close.EMA.14","ticker.rsi.signals"
"2012-05-24",-0.5,600.6417,"hold",609.1705,620.7244,"hold",-1,"-2",609.16,603.66,611.92,598.87,1891300,"hold","hold",594.35407873844,609.1705,623.98692126156,0.314040789515866,57.295184790358,46.4285314877319,"hold"
"2012-05-25",-0.5,588.57235,"hold",607.998,620.1324,"hold",-2,"0",601,591.53,601.73,588.28,3581900,"hold","hold",591.581097003393,607.998,624.414902996607,-0.00155623150736163,50.4534799396454,41.8357780388905,"hold"
"2012-05-29",-0.5,591.3683,"hold",607.4725,619.5184,"hold",0,"-1",595.81,594.34,599.13,588.32,2605700,"hold","hold",590.044467552245,607.4725,624.900532447755,0.123236299353696,50.2849372191583,43.2366121070814,"hold"
"2012-05-30",-0.5,585.28885,"hold",606.6625,618.6034,"hold",-1,"-1",588.16,588.23,591.9,583.53,1906700,"hold","hold",587.341130612713,606.6625,625.983869387287,0.0230022357491912,50.8845972483621,40.928403026617,"hold"
"2012-05-31",-0.5,577.9557,"hold",605.3425,617.5508,"hold",-1,"-2",588.72,580.86,590,579,2968300,"hold","hold",582.994611621005,605.3425,627.690388378994,-0.0477586871923842,45.664952097394,38.2741632426919,"hold"
"2012-06-01",-0.5,568.1251,"hold",603.3405,616.1708,"hold",-2,"1",571.79,570.98,572.65,568.35,3057900,"hold","hold",576.636463245232,603.3405,630.044536754768,-0.105910265499881,44.8492579123988,34.9975365080424,"hold"
"2012-06-04",-0.5,575.69705,"hold",602.4215,614.8216,"hold",1,"-1",570.22,578.59,580.49,570.01,2432700,"hold","hold",573.713868070494,602.4215,631.129131929506,0.084927449632206,49.6314019815258,39.3074545659937,"hold"
"2012-06-05",-0.5,567.55795,"hold",600.5645,613.378,"hold",-1,"2",575.45,570.41,578.13,566.47,2339900,"hold","hold",568.783668371485,600.5645,632.345331628515,0.0255866751305425,44.7014189447977,36.5055614770634,"hold"
"2012-06-06",-0.5,577.66715,"hold",598.9535,612.0028,"hold",2,"0",576.48,580.57,581.97,573.61,2095800,"hold","hold",566.554373298806,598.9535,631.352626701194,0.216296365492428,40.6607459351542,42.0325193257315,"hold"
"2012-06-07",-0.5,575.33885,"hold",597.4075,610.627,"hold",0,"0",587.6,578.23,587.89,577.25,1758500,"hold","hold",564.162321176598,597.4075,630.652678823402,0.211574720324554,37.9483397548011,41.1442063867657,"hold"
"2012-06-08",-0.5,577.54775,"hold",595.747,609.1208,"hold",0,"-2",575.85,580.45,581,574.58,1410400,"hold","hold",562.597407483651,595.747,628.896592516349,0.269273181978698,43.0935486261349,42.3881878334977,"hold"
"2012-06-11",-0.5,565.6575,"hold",593.9105,607.5226,"hold",-2,"-1",584.21,568.5,585.32,566.69,2661100,"hold","hold",559.040758116814,593.9105,628.780241883186,0.135636821099426,34.6778124539643,37.7614683356243,"hold"
"2012-06-12",-0.5,562.2745,"hold",591.9655,605.9998,"hold",-1,"-1",569.77,565.1,570.3,558.58,3224200,"hold","hold",555.271955894804,591.9655,628.659044105196,0.133920616621558,34.7139795593777,36.5394274032322,"hold"
"2012-06-13",-0.5,558.28455,"hold",589.4645,604.2832,"hold",-1,"0",561.72,561.09,567,558.68,1954200,"hold","hold",551.533600999317,589.4645,627.395399000683,0.125971164043736,26.381401771769,35.0967988452754,"hold"
"2012-06-14",0,559.05,"hold",585.9705,602.6118,"hold",0,"1",561.3,559.05,565.07,556.52,2344900,"hold","hold",550.425821368734,585.9705,621.515178631266,0.121314623782814,26.1554714056018,34.3537164159818,"hold"
"2012-06-15",0,564.51,"hold",583.0435,601.199,"hold",1,"1",560.34,564.51,564.52,557.09,3001200,"hold","hold",550.6971306365,583.0435,615.3898693635,0.213514988471733,35.4527532701955,38.129444085257,"hold"
"2012-06-18",-0.5,567.99575,"hold",581.566,599.9696,"hold",1,"2",562.62,570.85,574.21,559.25,2496900,"hold","hold",549.832070901951,581.566,613.299929098049,0.331158632029293,35.0199020094957,42.2808191778323,"hold"
"2012-06-19",-0.5,578.62235,"hold",579.937,598.9834,"hold",2,"-1",573.59,581.53,584.28,573.12,2076200,"hold","hold",551.92618844446,579.937,607.947811555541,0.528435448877324,41.0946562028313,48.5442019512896,"hold"
"2012-06-20",-0.5,574.62245,"hold",578.7725,597.9964,"hold",-1,"-2",579.81,577.51,580,573.51,2346700,"sell","hold",552.441787229549,578.7725,605.103212770451,0.476026095248417,41.9125492917106,46.4988389872184,"hold"
"2012-06-21",-0.5,562.38395,"hold",576.56,596.5814,"hold",-2,"1",579.84,565.21,579.84,563.73,2011300,"sell","hold",553.708970263903,576.56,599.411029736097,0.251652329652549,43.2809947469795,40.8302060570008,"hold"
"2012-06-22",0,571.48,"hold",574.951,594.9908,"hold",1,"-2",568,571.48,571.48,565.82,2227900,"hold","hold",555.713190457331,574.951,594.188809542669,0.40978702662843,38.5908527939213,44.5417090947523,"hold"
"2012-06-25",-0.5,557.8965,"hold",573.4095,593.7128,"hold",-2,"1",567.33,560.7,568.09,557.35,1581600,"hold","hold",554.802136430703,573.4095,592.016863569297,0.158481978044128,39.6398581419328,39.9068827018886,"hold"
"2012-06-26",0,564.68,"hold",571.9265,592.885,"hold",1,"1",562.76,564.68,566.6,559.48,1350200,"hold","hold",555.645821543621,571.9265,588.207178456379,0.277450920751983,37.9408829493792,42.2943314945716,"hold"
"2012-06-27",0,569.3,"hold",570.98,592.0796,"hold",1,"-1",567.7,569.3,573.99,566.02,1692300,"hold","hold",556.499118811343,570.98,585.460881188657,0.441992480356919,37.7171156128304,45.0246955742021,"hold"
"2012-06-28",2.5,578.41775,"hold",570.1525,591.2168,"buy",-1,"3",565.9,564.31,566.23,557.21,1920900,"hold","hold",556.140655189269,570.1525,584.164344810731,0.291515675525973,37.1036611317903,42.6759881299119,"hold"
"2012-06-29",0,580.07,"hold",570.607,590.8322,"hold",3,"0",574.96,580.07,580.13,572.2,2519500,"hold","hold",555.942760367479,570.607,585.271239632521,0.82265566565803,46.2528342669632,51.3141484590729,"hold"
"2012-07-02",0,580.47,"hold",570.701,590.5204,"hold",0,"1",581.82,580.47,583,576.5,1655500,"hold","hold",555.810913499244,570.701,585.591086500756,0.828037046645222,55.1117453628275,51.5138543182594,"hold"
"2012-07-03",0,587.83,"hold",571.572,590.325,"hold",1,"1",580.01,587.83,588.41,578,1189500,"hold","hold",554.918360637987,571.572,588.225639362013,0.988121534476246,61.2599241507477,55.1586192176048,"hold"
"2012-07-05",0,595.92,"hold",572.3395,590.218,"hold",1,"-2",588.76,595.92,600.06,588.54,2345900,"hold","hold",552.913751648907,572.3395,591.765248351093,1.10693929453361,70.2232345030094,58.8227005812701,"hold"
"2012-07-06",0,585.98,"hold",572.727,589.7432,"hold",-2,"0",592.45,585.98,593.52,582.82,2161800,"hold","hold",552.551962850096,572.727,592.902037149904,0.828450448480664,60.66994614773,53.0832993546538,"hold"
"2012-07-09",0,586.01,"hold",573.005,589.154,"hold",0,"-1",584.95,586.01,588.6,581.25,1715100,"hold","hold",552.266589742702,573.005,593.743410257298,0.813548623994054,52.4393382924543,53.0981734628652,"hold"
"2012-07-10",0,581.7,"hold",573.665,588.4884,"hold",-1,"-2",590.19,581.7,592.43,578.74,1923100,"hold","hold",552.703109340997,573.665,594.626890659003,0.691657330216748,44.1998089158404,50.6154558526996,"hold"
"2012-07-11",0,571.19,"hold",573.9695,587.8152,"hold",-2,"0",576.3,571.19,577.85,564.94,3499300,"sell","hold",553.33983061341,573.9695,594.59916938659,0.432633433238467,42.2655585547863,45.080131817728,"hold"
"2012-07-12",0,570.48,"hold",574.439,587.1362,"hold",0,"1",567.12,570.48,571.93,562.09,2309800,"hold","hold",554.590560363595,574.439,594.287439636405,0.400269238476088,41.7929275043928,44.7243008245477,"hold"
"2012-07-13",0,576.52,"hold",575.3125,586.5214,"hold",1,"0",572.15,576.52,579.15,568.55,1976000,"hold","hold",556.754202799018,575.3125,593.870797200983,0.532532618346467,45.912759586247,48.4519426163525,"hold"
"2012-07-16",0,574.92,"hold",575.833,585.7994,"hold",0,"0",576.37,574.92,579.19,571.78,1462600,"sell","hold",557.943932835947,575.833,593.722067164053,0.474481620767939,51.3086645591163,47.5374017934426,"hold"
"2012-07-17",0,576.73,"hold",576.127,585.3946,"hold",0,"1",578.43,576.73,580.67,568.4,1680100,"hold","hold",558.382484114803,576.127,593.871515885197,0.516991165154945,45.9615795078941,48.7166668284832,"hold"
"2012-07-18",0,580.76,"hold",576.0885,584.8588,"hold",1,"2",576.98,580.76,583.69,576.13,1548200,"hold","hold",558.387755072173,576.0885,593.789244927827,0.631957723221465,45.7406844413526,51.3393778353111,"hold"
"2012-07-19",2.5,607.8865,"hold",576.866,584.4642,"buy",2,"3",586.14,593.06,598.48,586,4674700,"hold","hold",557.680052642624,576.866,596.051947357376,0.922027635601069,56.9439977297606,58.3419539593112,"hold"
"2012-07-20",0,610.82,"hold",579.1465,584.4976,"hold",3,"1",608.76,610.82,612.94,598.18,6463700,"hold","hold",555.679497400605,579.1465,602.613502599395,1.174851844965,62.1847117543357,65.959264335668,"hold"
"2012-07-23",0,615.51,"hold",581.348,584.5346,"hold",1,"-1",600.48,615.51,618.35,598.25,3561700,"hold","hold",553.347650287898,581.348,609.348349712102,1.11002809520688,64.3204363880779,67.6419377275392,"hold"
"2012-07-24",0,607.57,"hold",583.6915,584.5814,"hold",-1,"0",615,607.57,617.93,604.34,2009400,"hold","hold",555.155517609341,583.6915,612.227482390659,0.918392814957309,59.6181333710631,62.0498500798736,"hold"
"2012-07-25",0,607.99,"buy",585.857,584.6612,"hold",0,"1",608.32,607.99,613.38,605.37,1823000,"hold","hold",556.851126043161,585.857,614.862873956838,0.881526170060149,53.986414417946,62.2277371588949,"hold"
"2012-07-26",-1.5,604.1596,"hold",588.06,584.7062,"buy",1,"4",615,613.36,616.87,610.03,1685200,"hold","hold",557.755148243227,588.06,618.364851756773,0.917424909434598,59.3823412671037,64.5178184578105,"hold"
"2012-07-27",0,634.96,"hold",591.5925,584.8268,"hold",4,"0",618.89,634.96,635,617.5,3549700,"hold","hold",557.015349813786,591.5925,626.169650186214,1.12711212124837,65.9897790578612,71.8981646096668,"sell"
"2012-07-30",0,632.3,"hold",594.204,585.0118,"hold",0,"0",636.05,632.3,642.6,629.5,2186700,"hold","hold",555.822154082952,594.204,632.585845917048,0.9962762875232,71.2628933875654,69.9680687742511,"hold"
"2012-07-31",0,632.97,"hold",596.829,585.6632,"hold",0,"0",628.26,632.97,636.5,628.22,1865600,"hold","hold",555.495725317246,596.829,638.162274682754,0.937190136486809,73.8928621624844,70.18517445714,"sell"
"2012-08-01",0,632.68,"hold",599.0715,586.0346,"hold",0,"-1",637.3,632.68,639.51,631.38,1844600,"hold","hold",555.148990838979,599.0715,642.994009161021,0.882588570666468,79.6755735940053,69.9494632696262,"hold"
"2012-08-02",0,628.75,"hold",600.713,586.5936,"hold",-1,"2",625.51,628.75,638.03,623.41,1977700,"hold","hold",554.968218833183,600.713,646.457781166817,0.806450258202763,74.1547551561223,66.6811969754929,"hold"
"2012-08-03",0,641.33,"hold",603.4805,587.231,"hold",2,"0",640,641.33,643.72,636.14,1897100,"hold","hold",555.019333495261,603.4805,651.941666504739,0.890513711595232,74.5830337949612,71.3032831229493,"sell"
"2012-08-06",0,642.82,"hold",606.321,588.0142,"hold",0,"0",639.61,642.82,649.38,639.22,1782400,"hold","hold",555.678266306014,606.321,656.963733693986,0.860357719041678,79.0397987439681,71.8022293344968,"sell"
"2012-08-07",0,640.54,"hold",609.263,588.9944,"hold",0,"0",641.79,640.54,644.26,636.47,1981800,"hold","hold",557.852745342004,609.263,660.673254657996,0.804190284682196,73.8797010096922,69.8022558553827,"hold"
"2012-08-08",0,642.23,"hold",612.815,589.9522,"hold",0,"0",639.05,642.23,645.87,638.5,1322200,"hold","hold",562.615384264419,612.815,663.014615735581,0.792980330317061,71.5097345460475,70.4590766811164,"sell"
"2012-08-09",0,642.35,"hold",616.4085,591.0346,"hold",0,"0",644.51,642.35,646.37,641.52,1070300,"hold","hold",568.613508097082,616.4085,664.203491902918,0.771383035828241,66.3670439030689,70.5081283708939,"sell"
"2012-08-10",-1.5,632.37,"hold",619.6825,592.2574,"buy",0,"3",638.59,642,642.24,636.13,1434600,"hold","hold",574.358649380265,619.6825,665.006350619734,0.746200396643736,58.3249768899341,70.1422966407272,"sell"
"2012-08-13",0,660.01,"hold",623.937,594.038,"hold",3,"1",647.42,660.01,660.15,646.68,3267900,"hold","hold",580.27496243875,623.937,667.59903756125,0.913093410372755,67.4639297697985,76.809964403063,"sell"
"2012-08-14",0.5,672.0033,"hold",628.5335,595.8394,"hold",1,"0",659.25,668.66,672.85,659,3661700,"hold","hold",586.388613584208,628.5335,670.678386415792,0.976054195568605,75.6194863216803,79.2111964257359,"sell"
"2012-08-15",0,667.54,"hold",632.8725,597.782,"hold",0,"1",670.28,667.54,674.25,664.1,2410700,"hold","hold",593.518672803652,632.8725,672.226327196348,0.940459066751421,76.3422451605698,78.083790796525,"sell"
"2012-08-16",0,672.87,"hold",636.863,599.628,"hold",1,"1",667.51,672.87,674.64,667.08,1717700,"hold","hold",598.288651995141,636.863,675.437348004859,0.966722081672825,74.9555310715157,79.5737556323632,"sell"
"2012-08-17",0,677.14,"hold",640.179,601.6062,"hold",1,"0",674.12,677.14,677.25,671.7,2177700,"hold","hold",599.771121114812,640.179,680.586878885188,0.957348925750576,75.0673523575732,80.7054535212727,"sell"
"2012-08-20",0,675.54,"hold",643.1805,603.508,"hold",0,"-1",675.5,675.54,678.87,672.66,1758100,"hold","buy",601.64582991584,643.1805,684.71517008416,0.889548056291665,81.4525629364919,78.9405581414326,"sell"
"2012-08-21",0,669.51,"hold",646.2775,605.5282,"hold",-1,"1",673.11,669.51,678,662.17,2222200,"hold","hold",606.631691205122,646.2775,685.923308794878,0.793000706836403,73.8605839845895,72.505274443063,"sell"
"2012-08-22",0.5,680.5659,"hold",649.737,607.7698,"hold",1,"0",667.38,677.18,680.6,666.7,1909200,"hold","buy",612.031244948549,649.737,687.442755051451,0.86390996497157,80.521614546233,75.2671516992605,"sell"
"2012-08-23",0,676.8,"hold",652.909,610.084,"hold",0,"0",674.27,676.8,680.48,671,1784200,"hold","hold",617.366045761501,652.909,688.451954238498,0.836086300532138,80.5127234755574,74.8659045343879,"sell"
"2012-08-24",0,678.63,"hold",655.0925,612.4756,"hold",0,"-1",675.6,678.63,680.45,674.08,1426600,"hold","hold",618.869419581571,655.0925,691.315580418429,0.82489644348448,80.3242663085288,75.542108458219,"sell"
"2012-08-27",0,669.22,"hold",656.9385,614.5698,"hold",-1,"1",662.99,669.22,672,659.24,2613700,"hold","hold",621.803071569426,656.9385,692.073928430574,0.674773733359587,78.3382022113622,65.7469149029837,"hold"
"2012-08-28",0,677.25,"hold",659.1525,616.6978,"hold",1,"2",665,677.25,677.62,664.74,2058600,"hold","hold",624.764933133471,659.1525,693.540066866529,0.763140164441458,78.9285695069466,69.3939639999885,"hold"
"2012-08-29",0,688.01,"hold",661.919,618.8274,"hold",2,"-1",677.37,688.01,688.99,676.15,2990300,"hold","buy",627.592871817521,661.919,696.245128182479,0.880045775353676,80.2876921573581,73.470183578389,"sell"
"2012-08-30",-0.5,678.2716,"hold",664.5655,620.9108,"hold",-1,"1",684.24,681.68,687.39,680.18,1626900,"hold","hold",632.811285492316,664.5655,696.319714507684,0.769483913637018,79.5583650970465,67.7533277665985,"hold"
"2012-08-31",-0.5,681.66455,"hold",666.7535,623.3084,"hold",1,"-1",684,685.09,688.58,680.04,2127100,"hold","hold",635.681742872345,666.7535,697.825257127655,0.79506699483821,78.8759401731337,69.1461350842738,"hold"
"2012-09-04",-0.5,677.6348,"hold",668.6645,625.4996,"hold",-1,"0",684.55,681.04,685,673.5,1889600,"hold","hold",639.048545870511,668.6645,698.280454129489,0.708932995133143,70.9947494768953,65.5261552549425,"hold"
"2012-09-05",-1.5,670.5092,"hold",670.6735,627.9,"buy",0,"3",680,680.72,686.5,679.14,1708200,"hold","hold",643.621144631197,670.6735,697.725855368803,0.685686234396907,70.3112429113736,65.235550836832,"hold"
"2012-09-06",-2,685.412,"hold",673.532,630.5944,"hold",3,"1",685.96,699.4,699.89,684.73,3043500,"hold","hold",647.029515890015,673.532,700.034484109985,0.988029723792083,71.7434642975144,72.8148743915985,"sell"
"2012-09-07",2.5,723.80375,"hold",676.722,633.3314,"hold",1,"-1",700,706.15,712.25,697.67,3233000,"hold","hold",650.645178414538,676.722,702.798821585462,1.06425588340119,72.8473704846657,74.9409165014101,"sell"
"2012-09-10",-0.5,697.26615,"hold",679.6605,636.0606,"hold",-1,"-1",709.76,700.77,712.81,698.39,2560000,"hold","hold",656.857006868464,679.6605,702.463993131536,0.962856718447377,65.1835665730169,70.2267361940102,"sell"
"2012-09-11",-5.5,654.11955,"hold",681.2695,638.303,"hold",-1,"0",697.96,692.19,700.65,691,1873800,"hold","hold",659.733181396302,681.2695,702.805818603698,0.753536832384264,65.7600441705736,63.379352235939,"hold"
"2012-09-12",-2,677.0624,"hold",682.3805,640.5112,"hold",0,"2",689.41,690.88,694.91,680.88,2642300,"hold","hold",661.272487800837,682.3805,703.488512199163,0.701333501227017,58.2055589672017,62.3792802845593,"hold"
"2012-09-13",-1,698.9796,"hold",684.3055,642.8754,"hold",2,"1",693.09,706.04,709,690.54,2659000,"hold","hold",661.975431056981,684.3055,706.63556894302,0.986664417728864,59.4399972511266,68.5616596521447,"hold"
"2012-09-14",-0.5,706.1316,"hold",686.146,645.1506,"hold",1,"0",709.6,709.68,713,707.01,2618500,"hold","hold",661.903451949104,686.146,710.388548050896,0.985386271084038,60.9970719805707,69.8431105253534,"hold"
"2012-09-17",-0.5,706.4301,"hold",687.788,647.6306,"hold",0,"1",708.11,709.98,712.88,705,1508300,"hold","hold",661.820582261611,687.788,713.755417738389,0.927304713614099,62.8165814857854,69.9518194213093,"hold"
"2012-09-18",-0.5,714.6886,"hold",689.925,650.276,"hold",1,"1",707.78,718.28,718.66,706.78,2066800,"hold","hold",661.429571945661,689.925,718.420428054339,0.997535954643828,62.9659824819871,72.8661055737308,"sell"
"2012-09-19",-0.5,723.8625,"hold",692.8245,653.192,"hold",1,"0",717.5,727.5,728.56,716.41,3098300,"hold","hold",661.561379570331,692.8245,724.087620429669,1.05457515953994,63.285480936712,75.6870188662645,"sell"
"2012-09-20",-0.5,724.4794,"hold",695.3715,656.3306,"hold",0,"1",724.47,728.12,731.38,721.22,2907400,"hold","hold",661.43570398753,695.3715,729.30729601247,0.982506731063063,69.4867581675106,75.8686974862139,"sell"
"2012-09-21",-0.5,730.32005,"hold",698.231,659.6008,"hold",1,"2",732.21,733.99,734.92,730.12,6359100,"hold","hold",661.512763713381,698.231,734.949236286619,0.986937876330286,73.1010902798262,77.5770937225656,"sell"
"2012-09-24",-0.5,745.6331,"hold",701.7685,663.058,"hold",2,"0",731,749.38,750.04,730.25,3563800,"hold","hold",660.000360814731,701.7685,743.536639185269,1.06994997776669,78.9117745297416,81.3125459146795,"sell"
"2012-09-25",-0.5,745.4142,"hold",705.7655,666.5428,"hold",0,"1",753.05,749.16,764.89,747.66,6058500,"hold","buy",661.970713792051,705.7655,749.56028620795,0.99542997874166,81.1662556922411,81.1045450130695,"sell"
"2012-09-26",-0.5,749.6927,"hold",709.576,670.0774,"hold",1,"0",749.85,753.46,761.24,741,5672900,"hold","hold",663.183867304897,709.576,755.968132695103,0.972968124664731,69.8045093931935,82.069971260855,"sell"
"2012-09-27",-0.5,752.7175,"hold",713.0005,673.5922,"hold",0,"0",759.95,756.5,762.84,751.65,3931100,"hold","hold",663.476010512475,713.0005,762.524989487525,0.939171614388445,70.4101414857071,82.7413363059649,"sell"
"2012-09-28",-0.5,750.7275,"hold",716.6415,676.821,"hold",0,"1",754.15,754.5,759.3,751.15,2783500,"hold","hold",666.16482725902,716.6415,767.11817274098,0.875009860438604,69.8075713146553,80.6030286244825,"sell"
"2012-10-01",-1,754.1622,"hold",720.476,679.8402,"hold",1,"-1",759.05,761.78,765,756.21,3168000,"hold","hold",668.538746164242,720.476,772.413253835758,0.89763365358723,74.3432450324669,82.3872953812975,"sell"
"2012-10-02",-1,749.4201,"hold",724.2735,682.6698,"hold",-1,"1",765.2,756.99,765.99,750.27,2790200,"hold","hold",673.328341927814,724.2735,775.218658072186,0.821095284007589,73.7423146905958,77.3458867613095,"sell"
"2012-10-03",-0.5,758.6875,"hold",728.3625,685.7684,"hold",1,"1",755.72,762.5,763.92,752.2,2208300,"hold","hold",678.951964331987,728.3625,777.773035668013,0.84544758054606,73.6052015224234,78.9421566214638,"sell"
"2012-10-04",-1,760.3695,"hold",731.795,688.9696,"hold",1,"0",762.75,768.05,769.89,759.4,2454200,"hold","hold",681.381439721043,731.795,782.208560278957,0.859575874024645,73.6201558184902,80.4374000040494,"sell"
"2012-10-05",-1,759.9735,"hold",734.87,692.0554,"hold",0,"-1",770.71,767.65,774.38,765.01,2735900,"hold","hold",683.59342094094,734.87,786.14657905906,0.819639108161294,77.225471916592,79.9965196141537,"sell"
"2012-10-08",-1,750.2616,"hold",737.7235,694.513,"hold",-1,"-2",761,757.84,763.58,754.15,1958600,"hold","hold",688.027626016338,737.7235,787.419373983662,0.702396078260074,73.242387294788,69.8804430645569,"hold"
"2012-10-09",-1,736.6491,"hold",740.3185,696.7488,"hold",-2,"0",759.67,744.09,761.32,742.53,3003200,"hold","hold",695.194334290261,740.3185,785.442665709739,0.541790246320121,67.2068876978711,58.6796905063225,"hold"
"2012-10-10",-1,737.1144,"hold",743.0025,698.9806,"hold",0,"1",741.86,744.56,747.53,738.29,2039900,"buy","hold",703.987888442277,743.0025,782.017111557723,0.51996047042139,62.5359442647235,58.9220611634234,"hold"
"2012-10-11",-1,743.9652,"hold",745.2745,701.3566,"hold",1,"-1",752.9,751.48,758.5,750.29,2383900,"hold","hold",710.023680165562,745.2745,780.525319834438,0.588019229469629,59.3595249675949,62.4174510563531,"hold"
"2012-10-12",-1,737.3025,"hold",747.028,703.6766,"hold",-1,"-1",751.85,744.75,754.87,744.1,2404200,"hold","hold",715.771279378668,747.028,778.284720621332,0.463559836817217,52.8518872199264,57.309926246607,"hold"
"2012-10-15",-1,733.5702,"hold",748.578,705.6696,"hold",-1,"1",741.94,740.98,743.83,730.7,3019100,"hold","hold",722.117134859193,748.578,775.038865140808,0.356429486345808,41.9650808633577,54.6139325380779,"hold"
"2012-10-16",-1,737.253,"hold",749.899,707.7072,"hold",1,"1",740.13,744.7,746.99,736.46,2058200,"hold","hold",727.258080495704,749.899,772.539919504296,0.38518575848888,51.571612627016,56.7747250317509,"hold"
"2012-10-17",-3,732.8253,"hold",751.2985,710.0062,"sell",1,"-8",743.95,755.49,756.34,740.26,2292900,"buy","hold",731.033119396616,751.2985,771.563880603384,0.603415279535882,49.2887073760949,62.3707456829207,"hold"
"2012-10-18",-1,688.05,"hold",749.6425,711.0616,"hold",-8,"-2",755.54,695,759.42,676,12442400,"hold","hold",719.209426625791,749.6425,780.075573374209,-0.397748632353173,39.3352310603244,35.0081416897417,"hold"
"2012-10-19",0,681.79,"hold",747.0325,711.8504,"hold",-2,"0",705.58,681.79,706.7,672,11482200,"hold","hold",704.952626485456,747.0325,789.112373514544,-0.275222149580021,27.5777996111711,31.7339470168807,"hold"
"2012-10-22",-0.5,675.27665,"hold",743.497,712.5838,"hold",0,"0",681.01,678.67,684.63,669.7,4055600,"hold","hold",691.977092740767,743.497,795.016907259233,-0.129145154258619,27.1346314771338,30.9965767318119,"hold"
"2012-10-23",-0.5,676.94825,"hold",740.0565,712.9906,"hold",0,"0",672.01,680.35,687.33,672,2916600,"hold","hold",681.763726082472,740.0565,798.349273917528,-0.0121260834530917,27.694794439058,31.9139770320729,"hold"
"2012-10-24",0,677.3,"hold",736.2485,713.1634,"hold",0,"0",686.8,677.3,687,675.27,2496500,"hold","hold",672.281407436714,736.2485,800.215592563286,0.0392279245638743,23.0740408993204,31.1054401536922,"hold"
"2012-10-25",0,677.76,"hold",732.3115,713.3678,"hold",0,"0",680,677.76,682,673.51,2401100,"hold","sell",664.253103523151,732.3115,800.369896476849,0.0992301991822839,17.9749331992974,31.3877740943556,"hold"
"2012-10-26",-1,668.3985,"hold",728.344,713.4134,"hold",0,"1",676.5,675.15,683.03,671.2,1950800,"hold","hold",656.76186105459,728.344,799.92613894541,0.128440831863331,18.0515654833467,30.6210043805257,"hold"
"2012-10-31",0,680.3,"hold",724.27,713.4766,"hold",1,"1",679.86,680.3,681,675,1537000,"hold","hold",651.498682298587,724.27,797.041317701413,0.197889213849249,21.3940382317759,34.0447778697164,"hold"
"2012-11-01",-0.5,684.15205,"hold",720.8,713.717599999999,"hold",1,"0",679.5,687.59,690.9,678.72,2050100,"hold","hold",647.981967343247,720.8,793.618032656753,0.271965825027546,25.193882092173,38.6593394650919,"hold"
"2012-11-02",0,687.92,"hold",717.071,714.085799999999,"hold",0,"-1",694.79,687.92,695.55,687.37,2324400,"hold","hold",645.549779400796,717.071,788.592220599204,0.296207337096785,24.8109495049358,38.8678471399439,"hold"
"2012-11-05",0,682.96,"sell",712.8165,714.201399999999,"hold",-1,"0",684.5,682.96,686.86,675.56,1635900,"hold","hold",643.854029836874,712.8165,781.778970163126,0.283530810820895,25.2719549677795,36.8408388388989,"hold"
"2012-11-06",0,681.72,"hold",708.52,714.299799999999,"hold",0,"-2",685.48,681.72,686.5,677.55,1582800,"hold","hold",643.143868575756,708.52,773.896131424244,0.295032228000098,29.1208284113573,36.3307288316212,"hold"
"2012-11-07",0,667.12,"hold",703.984,714.069599999999,"hold",-2,"-2",675,667.12,678.23,666.49,2232300,"hold","hold",640.359815164358,703.984,767.608184835643,0.210298842372368,24.8484466398309,30.9047784081583,"hold"
"2012-11-08",0,652.29,"hold",699.394,713.730999999999,"hold",-2,"2",670.2,652.29,671.49,651.23,2597000,"hold","hold",634.767997678953,699.394,764.020002321047,0.135564646517991,20.015071697774,26.5648543621286,"buy"
"2012-11-09",0,663.03,"hold",695.3175,713.446599999999,"hold",2,"0",654.65,663.03,668.34,650.3,3114100,"hold","hold",632.337158979964,695.3175,758.297841020036,0.24367001291936,31.8793628650033,33.8137535615189,"hold"
"2012-11-12",-0.5,662.5705,"hold",691.0385,713.004399999999,"hold",0,"-1",663.75,665.9,669.8,660.87,1405900,"hold","hold",632.425220182198,691.0385,749.651779817803,0.285556275999719,46.3203054380359,35.641992641058,"hold"
"2012-11-13",-0.5,655.75475,"hold",686.7535,712.5518,"hold",-1,"-1",663,659.05,667.6,658.23,1594200,"hold","hold",632.074990044077,686.7535,741.432009955923,0.246669212252382,50.2173917915258,33.2791702205473,"hold"
"2012-11-14",-0.5,649.28725,"hold",682.332,711.901,"hold",-1,"-1",660.66,652.55,662.18,650.5,1668400,"hold","hold",631.761118813293,682.332,732.902881186707,0.205542010529284,42.2337782624871,31.1677165295221,"hold"
"2012-11-15",-0.5,644.0237,"hold",677.46,711.2254,"hold",-1,"0",650,647.26,660,643.9,1848900,"hold","hold",633.522270882532,677.46,721.397729117468,0.156331806324583,43.3485190313771,29.5258477438767,"buy"
"2012-11-16",2.5,663.3595,"hold",672.0445,710.5546,"buy",0,"3",645.99,647.18,653.02,636,3438200,"hold","hold",644.136562437364,672.0445,699.952437562636,0.0545263790239862,42.0221554313933,29.5005383117893,"buy"
"2012-11-19",0,668.21,"hold",670.705,709.9308,"hold",3,"0",655.7,668.21,668.92,655.53,2368200,"hold","hold",644.835604568332,670.705,696.574395431668,0.45177699442976,49.5083365307053,43.2676992645253,"hold"
"2012-11-20",-0.5,666.62015,"hold",670.114,709.2072,"hold",0,"-1",669.51,669.97,678,664.57,2088700,"hold","hold",644.749436215066,670.114,695.478563784934,0.497161394116195,50.414331553535,44.2489271826655,"hold"
"2012-11-21",-0.5,662.54065,"hold",669.474,708.5092,"hold",-1,"0",668.99,665.87,669.8,660.4,2112200,"hold","hold",644.360577772036,669.474,694.587422227964,0.428245542019616,43.3678101137842,42.4087857251729,"hold"
"2012-11-23",0,667.97,"hold",668.855,708.0248,"hold",0,"-1",669.97,667.97,670,666.1,922500,"sell","hold",644.239024293155,668.855,693.470975706845,0.482023869162456,40.4158856957008,43.700228648011,"hold"
"2012-11-26",0,661.15,"hold",668.0475,707.4302,"hold",-1,"1",666.44,661.15,667,659.02,2204600,"hold","hold",643.533262606192,668.0475,692.561737393809,0.359316447638257,39.693663994693,40.5221731806503,"hold"
"2012-11-27",0,670.71,"hold",667.695,706.7236,"hold",1,"2",660.17,670.71,675,658,2508700,"hold","hold",643.549564406497,667.695,691.840435593503,0.56243416045083,41.5004643673349,46.4059054501406,"hold"
"2012-11-28",0,683.67,"hold",668.121,706.2034,"hold",2,"1",668.01,683.67,684.91,663.89,3042000,"hold","hold",643.177045301517,668.121,693.064954698484,0.81167872512503,50.4277371297056,53.1692391644082,"hold"
"2012-11-29",-0.5,688.43055,"hold",668.7005,705.8416,"hold",1,"1",687.78,691.89,693.9,682,2776500,"hold","hold",642.164014569559,668.7005,695.236985430441,0.936936158346697,59.1892224841908,56.885598818457,"hold"
"2012-11-30",-0.5,694.87815,"hold",669.2395,705.4434,"hold",1,"0",691.31,698.37,699.22,685.69,3163600,"hold","hold",640.819152025354,669.2395,697.659847974647,1.01249372502382,59.4635064987977,59.6069291718941,"hold"
"2012-12-03",-0.5,691.77375,"hold",669.606,704.7984,"hold",0,"-1",702.24,695.25,705.89,694.11,2192500,"hold","hold",640.064573223353,669.606,699.147426776647,0.934034554151456,60.5915487216579,57.7179209095887,"hold"
"2012-12-04",-0.5,687.57485,"hold",670.0095,704.0566,"hold",-1,"0",695,691.03,695.51,685.7,1991700,"hold","hold",639.543513408393,670.0095,700.475486591608,0.844983083623333,59.6962750863111,55.1711398797596,"hold"
"2012-12-05",-0.5,684.3809,"hold",670.3145,703.1332,"hold",0,"0",692.15,687.82,694.5,682.33,1862400,"hold","hold",639.269051718489,670.3145,701.359948281512,0.781933439022442,59.181938000752,53.2465009497174,"hold"
"2012-12-06",-0.5,687.67435,"hold",671.515,701.9682,"hold",0,"-1",687.59,691.13,695.61,684.51,1462300,"hold","hold",639.224581916612,671.515,703.805418083388,0.803727872914887,64.3556383386186,54.9901246522495,"hold"
"2012-12-07",-0.5,680.78895,"hold",673.111,700.6692,"hold",-1,"0",695,684.21,696.88,682.42,1919300,"hold","hold",641.634108222063,673.111,704.587891777938,0.676303938748158,67.1337878772563,50.7305068776737,"hold"
"2012-12-10",-0.5,681.9929,"hold",674.2305,699.3084,"hold",0,"2",685.39,685.42,691.65,683.79,1366700,"hold","hold",642.674857414244,674.2305,705.786142585757,0.677297926505393,61.4507096777794,51.4388422308711,"hold"
"2012-12-11",-0.5,693.3956,"hold",675.7795,698.116,"hold",2,"0",690,696.88,701.92,687.72,2687600,"hold","hold",642.994114551603,675.7795,708.564885448398,0.82179734524108,62.3242151983718,57.6490722097659,"hold"
"2012-12-12",-0.5,694.0722,"hold",677.705,696.977199999999,"hold",0,"1",699.23,697.56,703.51,693.48,2426000,"hold","hold",644.554523382009,677.705,710.855476617992,0.799467790897825,69.5531372847449,57.9923580836369,"hold"
"2012-12-13",-0.5,699.1865,"hold",680.2125,695.795599999999,"hold",1,"0",715.92,702.7,716.47,699.55,3444900,"hold","hold",647.468048943371,680.2125,712.95695105663,0.843378790517957,71.9832840834884,60.5925770877159,"hold"
"2012-12-14",-2.5,684.411,"hold",682.9475,694.694999999999,"buy",0,"3",699.17,701.96,707.82,698.43,2130100,"hold","hold",652.621018585237,682.9475,713.273981414764,0.813463664643007,71.8677364222254,60.016598568283,"hold"
"2012-12-17",-0.5,717.1761,"hold",686.6275,693.860599999999,"hold",3,"0",705.5,720.78,721.92,704.02,3035400,"hold","hold",656.695532557148,686.6275,716.559467442853,1.0705020905359,72.4673437232919,68.275982079487,"hold"
"2012-12-18",0.5,724.67535,"hold",689.2705,692.920999999999,"hold",0,"0",716.6,721.07,729.1,715.05,3004900,"hold","hold",657.061849314199,689.2705,721.479150685802,0.993648434860042,72.5942106172531,68.3843580405856,"hold"
"2012-12-19",-0.5,716.50945,"hold",691.7775,691.970199999999,"hold",0,"0",720.71,720.11,723,716.68,1918600,"hold","hold",658.192234257416,691.7775,725.362765742585,0.921799550689213,65.9162859597041,67.5615429405589,"hold"
"2012-12-20",-0.5,718.7482,"buy",694.602,691.260599999999,"hold",0,"-1",723.26,722.36,724.65,716.97,1657000,"hold","hold",660.706911506238,694.602,728.497088493763,0.909469354315266,64.3550715404877,68.5176544126084,"hold"
"2012-12-21",-0.5,712.05185,"hold",696.985,690.691399999999,"hold",-1,"-1",713.97,715.63,718.82,710.52,3526000,"hold","hold",664.232214774924,696.985,729.737785225077,0.784632281985661,54.8690590643328,62.576425053352,"hold"
"2012-12-24",-0.5,705.9525,"hold",699.4025,689.9902,"hold",-1,"0",714.51,709.5,715.18,707.47,840900,"hold","hold",670.699480733728,699.4025,728.105519266273,0.675896129712472,56.8027611931611,57.6711586190832,"hold"
"2012-12-26",-0.5,705.32565,"hold",701.310500000001,689.137999999999,"hold",0,"0",708.07,708.87,712.88,702.41,1182400,"hold","hold",675.569943304389,701.310500000001,727.051056695612,0.646840258534273,57.9698995781256,57.1751107076633,"hold"
"2012-12-27",-0.5,702.75855,"hold",702.441500000001,688.3688,"hold",0,"-1",707.14,706.29,708.84,698.61,1647400,"hold","hold",677.942903080993,702.441500000001,726.940096919008,0.578545314507654,52.933569400559,55.0854967572267,"hold"
"2012-12-28",-0.5,696.50995,"hold",702.847500000001,687.549399999999,"hold",-1,"1",701.69,700.01,706.91,700.01,1402000,"hold","hold",678.796772048439,702.847500000001,726.898227951562,0.441010101529663,53.7615585142898,50.2694792980272,"hold"
"2012-12-31",0,707.38,"hold",703.298,686.802999999999,"hold",1,"2",700,707.38,710.57,696,1997400,"buy","hold",679.262093027306,703.298,727.333906972694,0.584914623871629,59.0334322244925,55.2177065974184,"hold"
"2013-01-02",0,723.25,"hold",704.698000000001,686.1582,"hold",2,"0",719.42,723.25,727,716.55,2541300,"hold","hold",679.468112485388,704.698000000001,729.927887514613,0.867659189706149,58.9702607697527,63.6134889492154,"hold"
"2013-01-03",-0.5,720.05165,"hold",706.33,686.7316,"hold",0,"2",724.93,723.67,731.93,720.72,2318200,"hold","hold",680.629454480498,706.33,732.030545519503,0.837346924928918,58.9476051814927,63.8068806808874,"hold"
"2013-01-04",0,737.97,"hold",708.8375,687.8552,"hold",2,"0",729.34,737.97,741.47,727.68,2763500,"hold","hold",681.141620974412,708.8375,736.533379025588,1.02593564503016,58.1832697861034,69.709847904162,"hold"
"2013-01-07",-0.5,731.07625,"hold",711.0185,688.976799999999,"hold",0,"0",735.45,734.75,739.38,730.58,1655700,"hold","hold",682.389579464989,711.0185,739.647420535012,0.914467251235989,58.9523056777389,67.0577012433157,"hold"
"2013-01-08",-0.5,729.6335,"hold",713.473000000001,690.0358,"hold",0,"1",735.54,733.3,736.3,724.43,1676100,"hold","hold",686.067330440583,713.473000000001,740.878669559418,0.861731720456835,50.9796444148602,65.8428891836326,"hold"
"2013-01-09",-0.5,734.4294,"hold",716.108000000001,691.2522,"hold",1,"0",732.27,738.12,738.35,728.6,2024700,"hold","hold",689.889712794311,716.108000000001,742.32628720569,0.919783333428873,49.2746233082127,67.9231413490286,"hold"
"2013-01-10",-0.5,737.7726,"hold",718.338000000001,692.5266,"hold",0,"0",742.83,741.48,745,733.5,1835700,"hold","hold",691.462147194927,718.338000000001,745.213852805074,0.930535175345775,56.2829186312636,69.325593167338,"hold"
"2013-01-11",-0.5,736.29005,"hold",720.459500000001,693.8234,"hold",0,"-2",742,739.99,742.43,736.3,1285200,"hold","hold",693.781322044975,720.459500000001,747.137677955026,0.866038865789941,50.8033316405936,67.9076894287194,"hold"
"2013-01-14",-0.5,719.63375,"hold",721.487000000001,694.682399999999,"hold",-2,"0",737,723.25,742.2,722.35,2863900,"hold","hold",696.070871970735,721.487000000001,746.903128029266,0.534682702219029,51.9679957253349,54.4367169892595,"hold"
"2013-01-15",-0.5,721.30535,"hold",722.635500000001,695.4292,"hold",0,"-1",719.33,724.93,735,712.1,3927700,"buy","hold",698.827655515461,722.635500000001,746.44334448454,0.548187898771967,46.4393309726343,55.3930756278938,"hold"
"2013-01-16",0,715.19,"hold",722.356,695.9746,"hold",-1,"-1",722.4,715.19,724.34,713.67,2023400,"hold","hold",698.337267810311,722.356,746.374732189689,0.350824765782669,45.1247238200725,48.9748726212163,"hold"
"2013-01-17",0,711.32,"hold",721.8685,696.5418,"hold",-1,"-1",717.71,711.32,719.64,711.02,2211500,"hold","hold",697.374076736735,721.8685,746.362923263266,0.284675477217295,44.2724397293864,46.6614605862809,"hold"
"2013-01-18",0,704.51,"hold",721.088500000001,696.9976,"hold",-1,"0",710.36,704.51,712.77,701.33,3226800,"hold","hold",695.452817621722,721.088500000001,746.724182378279,0.176651868372978,41.8281044715442,42.827697817638,"hold"
"2013-01-22",0,702.87,"hold",720.114,697.7126,"buy",0,"5",704.66,702.87,705.34,695.52,3792400,"hold","hold",693.291453215625,720.114,746.936546784376,0.178554013930447,34.0071546310619,41.934153279695,"hold"
"2013-01-23",0,741.5,"hold",721.4075,699.4968,"hold",5,"2",735.99,741.5,749,735.79,5909100,"hold","hold",693.119562729849,721.4075,749.695437270152,0.85514254376548,40.1836950100305,62.0297369297013,"hold"
"2013-01-24",0.5,757.98105,"hold",723.643000000001,701.3204,"hold",2,"0",741.24,754.21,756.83,740.51,3382700,"hold","hold",692.545401314572,723.643000000001,754.74059868543,0.991468815795121,42.00821369991,66.1773056257601,"hold"
"2013-01-25",0.5,757.43835,"hold",725.883,703.0758,"hold",0,"0",750.77,753.67,758.48,750.25,2225900,"hold","hold",692.963916112383,725.883,758.802083887618,0.922050019600508,41.2672183953961,65.8482064272065,"hold"
"2013-01-28",0.5,754.48365,"hold",728.105,704.9094,"hold",0,"0",751.76,750.73,755.6,747.89,1627100,"hold","hold",694.779116665871,728.105,761.43088333413,0.83945086726072,41.2585420220073,63.9826089642293,"hold"
"2013-01-29",0,753.68,"hold",730.7885,706.932,"hold",0,"0",746.75,753.68,756.95,746.54,1747100,"hold","hold",698.311429149938,730.7885,763.265570850063,0.852425563648934,45.8489827422611,65.0525237269511,"hold"
"2013-01-30",0,753.83,"hold",733.111000000001,709.0634,"hold",0,"0",753.74,753.83,760.95,752.91,1733000,"hold","hold",701.020897538338,733.111000000001,765.201102461663,0.822825394913464,45.5000519651093,65.1092782931198,"hold"
"2013-01-31",-1.5,744.35465,"hold",734.733000000001,711.2336,"buy",0,"3",750.51,755.69,757.62,750.25,1634200,"hold","hold",701.540146492054,734.733000000001,767.925853507947,0.815685422992969,40.7738067897381,65.8498781365479,"hold"
"2013-02-01",-0.5,771.722,"hold",737.329500000001,713.3814,"hold",3,"-2",758.2,775.6,776.6,758.1,3746100,"hold","hold",700.12274498159,737.329500000001,774.536255018411,1.01429505181335,47.8868457208128,72.5633571076611,"sell"
"2013-02-04",-0.5,755.2249,"hold",738.382000000001,715.162399999999,"hold",-2,"1",767.69,759.02,770.47,758.27,3040500,"hold","hold",699.990267765052,738.382000000001,776.773732234949,0.768781828776304,47.5158379218491,61.6877767201457,"hold"
"2013-02-05",-0.5,761.9113,"hold",739.931500000001,717.159799999999,"hold",1,"1",761.13,765.74,771.11,759.47,1870700,"hold","hold",699.789563686464,739.931500000001,780.073436313537,0.821465559090339,54.9492646010308,64.0402320561237,"hold"
"2013-02-06",-0.5,766.31915,"hold",741.775000000001,719.203799999999,"hold",1,"0",759.07,770.17,772.96,758.5,2078100,"hold","hold",699.681543263829,741.775000000001,783.868456736173,0.837285200618825,60.282684585169,65.5422995885604,"hold"
"2013-02-07",-0.5,770.08025,"hold",743.566500000001,721.459799999999,"hold",0,"1",769.7,773.95,778.81,765.5,2840200,"hold","hold",699.256280738525,743.566500000001,787.876719261476,0.842849804248384,66.5610270748693,66.8160191522415,"hold"
"2013-02-08",-0.5,781.44315,"hold",745.761000000001,723.752999999999,"hold",1,"0",780.13,785.37,786.67,779.56,3020100,"hold","hold",697.878142566468,745.761000000001,793.643857433533,0.913603136101283,74.484423350573,70.3785075039594,"sell"
"2013-02-11",-0.5,778.5079,"hold",747.882500000001,725.727999999999,"hold",0,"0",778.4,782.42,783,773.75,2167700,"hold","hold",697.515044684093,747.882500000001,798.249955315909,0.842855319803013,77.047538653511,68.3375910366357,"hold"
"2013-02-12",-0.5,776.7965,"hold",750.755000000001,727.504199999999,"hold",0,"0",781.75,780.7,787.9,779.37,1859000,"hold","hold",699.785193447494,750.755000000001,801.724806552508,0.793752341095812,74.3823665037625,67.1155122631793,"hold"
"2013-02-13",-0.5,778.9457,"hold",753.651500000001,729.193999999999,"hold",0,"1",780.13,782.86,785.35,779.97,1198200,"hold","hold",702.298579820132,753.651500000001,805.00442017987,0.784389864273477,72.6470659248769,67.8920491887503,"hold"
"2013-02-14",-0.5,783.8809,"hold",757.283000000001,731.045399999999,"hold",1,"1",779.73,787.82,788.74,777.77,1735300,"hold","hold",707.063371128413,757.283000000001,807.502628871588,0.804034504895317,72.2754260722334,69.6635771400065,"hold"
"2013-02-15",-0.5,788.92555,"hold",761.361500000001,733.082599999999,"hold",1,"2",787.4,792.89,793.26,787.07,2729800,"hold","hold",713.5438600436,761.361500000001,809.179139956402,0.829674363150777,78.3872866519535,71.4005916075432,"sell"
"2013-02-19",-0.5,802.81575,"hold",766.478500000001,735.463199999999,"hold",2,"-2",795.99,806.85,807,795.28,2931800,"hold","hold",722.328595685269,766.478500000001,810.628404314733,0.957209371420177,79.2758217018742,75.5515839827354,"sell"
"2013-02-20",-0.5,788.4977,"hold",770.958000000001,737.489799999999,"hold",-2,"0",805.3,792.46,808.97,791.79,2764200,"hold","hold",736.392847259126,770.958000000001,805.523152740875,0.811035801883965,71.5641007987483,65.0677375343093,"hold"
"2013-02-21",-1,787.5747,"hold",773.659500000001,739.716199999999,"hold",0,"1",798,795.53,805.45,791.22,3506400,"hold","hold",740.301453609362,773.659500000001,807.017546390639,0.82781446107313,67.5336331242721,66.1470227106837,"hold"
"2013-02-22",-0.5,795.71145,"hold",775.934500000001,742.001999999999,"hold",1,"-1",799.26,799.71,801.25,793.8,2053900,"hold","hold",741.99152047551,775.934500000001,809.877479524491,0.850227062165311,66.0082769038751,67.6142133185525,"hold"
"2013-02-25",-0.5,786.81615,"hold",777.789500000001,743.879799999999,"hold",-1,"0",802.3,790.77,808.41,790.49,2303900,"hold","hold",744.876910022911,777.789500000001,810.70208997709,0.6971965744573,67.2345899471865,61.4772950499475,"hold"
"2013-02-26",0.5,794.08065,"hold",779.759500000001,745.731199999999,"hold",0,"1",795,790.13,795.95,784.4,2202500,"hold","hold",748.909390454004,779.759500000001,810.609609545998,0.668078819696525,61.0090270853615,61.050100345375,"hold"
"2013-02-27",-0.5,795.7811,"hold",782.064500000001,747.672799999999,"hold",1,"0",794.8,799.78,804.75,791.11,2026100,"hold","hold",752.490640275575,782.064500000001,811.638359724426,0.799512815795359,61.0439368072092,64.9993880269432,"hold"
"2013-02-28",-0.5,797.194,"hold",784.433000000001,749.657599999999,"hold",0,"1",801.1,801.2,806.99,801.03,2265800,"hold","hold",756.75683545359,784.433000000001,812.109164546411,0.802914082836197,60.4813768176605,65.5528796649171,"hold"
"2013-03-01",-0.5,802.15905,"hold",786.958000000001,751.365799999999,"hold",1,"2",797.8,806.19,807.14,796.15,2175400,"hold","hold",761.075399976046,786.958000000001,812.840600023955,0.871523726020574,59.514959978341,67.497982769201,"hold"
"2013-03-04",0.5,825.6075,"hold",789.253,753.374399999999,"hold",2,"2",805.3,821.5,822.84,805,2775600,"hold","hold",759.898783880335,789.253,818.607216119666,1.04927373751937,66.9309288360418,72.6084999191463,"sell"
"2013-03-05",-0.5,834.407,"hold",793.232000000001,755.744199999999,"hold",2,"-1",828.93,838.6,840.15,828.9,4044100,"hold","hold",760.02720119019,793.232000000001,826.436798809811,1.18315426724698,69.2162935874202,76.9650896483301,"sell"
"2013-03-06",-0.5,827.2231,"hold",796.514000000001,757.924599999999,"hold",-1,"0",841.03,831.38,844,828.81,2873000,"hold","hold",761.882157196015,796.514000000001,831.145842803987,1.00338066324305,62.5704674452932,71.774387465897,"sell"
"2013-03-07",-0.5,828.437,"hold",799.635500000001,760.263999999999,"hold",0,"0",834.06,832.6,836.62,829.58,2052700,"hold","hold",763.830080033185,799.635500000001,835.440919966816,0.960328352949797,57.2466625085379,72.1165917997922,"sell"
"2013-03-08",-0.5,827.3624,"hold",802.514,762.704399999999,"hold",0,"0",834.5,831.52,834.92,825.05,2911900,"hold","hold",766.17861317118,802.514,838.849386828821,0.899142578784833,49.5359837593632,71.2925769258401,"sell"
"2013-03-11",-0.5,830.6459,"hold",804.9865,765.223399999999,"hold",0,"-1",831.69,834.82,839.7,831.5,1594700,"hold","hold",766.96335585068,804.9865,843.009644149321,0.892307115408982,47.7513377478035,72.3328310516292,"sell"
"2013-03-12",0,827.61,"hold",807.246,767.649799999999,"hold",-1,"0",830.71,827.61,831.89,823.67,2008300,"hold","hold",769.485527333467,807.246,845.006472666533,0.769647048380941,48.6651774496799,66.6501609088169,"hold"
"2013-03-13",0,825.31,"hold",809.4765,770.155799999999,"hold",0,"0",827.9,825.31,830.69,822.31,1641300,"hold","hold",773.003546034082,809.4765,845.949453965919,0.717058097553533,51.2683044364671,64.8985830225355,"hold"
"2013-03-14",0,821.54,"hold",811.4105,772.438999999999,"hold",0,"-1",826.99,821.54,826.99,817.39,1651200,"hold","hold",776.730059705794,811.4105,846.090940294206,0.64604053342558,45.657292181538,62.0213966748863,"hold"
"2013-03-15",0,814.3,"hold",812.7345,774.259999999999,"hold",-1,"-1",818.5,814.3,820.3,813.34,3099700,"hold","hold",779.778642569188,812.7345,845.690357430812,0.523751468206924,44.4979229281799,56.8123590021625,"hold"
"2013-03-18",0,807.79,"hold",813.4795,775.942399999999,"hold",-1,"0",805,807.79,812.76,801.47,1838300,"hold","hold",781.699046589138,813.4795,845.259953410863,0.410487431905931,44.9189251831281,52.5394050496687,"hold"
"2013-03-19",0,811.32,"hold",813.703,777.409399999999,"hold",0,"0",811.24,811.32,819.25,806.45,2098200,"hold","hold",782.049563472508,813.703,845.356436527493,0.462357957596002,45.0943498531196,54.5361826158473,"hold"
"2013-03-20",0,814.71,"hold",814.8155,779.008599999999,"hold",0,"0",816.83,814.71,817.51,811.44,1463800,"hold","hold",784.700068424145,814.8155,844.930931575855,0.498248406307334,43.7965713914394,56.4319050822323,"hold"
"2013-03-21",-0.5,807.2037,"hold",815.602,780.567799999999,"hold",0,"0",811.29,811.26,816.92,809.85,1477600,"hold","hold",786.747067943244,815.602,844.456932056756,0.42476156257343,37.9950438893514,53.9656915013556,"hold"
"2013-03-22",-0.5,806.25845,"hold",816.132,782.011599999999,"hold",0,"0",814.74,810.31,815.24,809.64,1488200,"hold","hold",788.086083648417,816.132,844.177916351583,0.39620592304748,30.5186918212948,53.2752597700737,"hold"
"2013-03-25",-0.5,805.5918,"hold",817.0755,783.374799999999,"hold",0,"0",812.41,809.64,819.23,806.82,1712000,"hold","hold",791.330681900041,817.0755,842.82031809996,0.355592298785518,24.4907724628305,52.7625581135206,"hold"
"2013-03-26",-0.5,808.3579,"hold",818.19,784.823399999999,"hold",0,"-1",813.5,812.42,814,807.79,1191900,"hold","hold",795.453466403165,818.19,840.926533596835,0.373111704222064,26.1200176852175,54.7101360130176,"hold"
"2013-03-27",-0.5,798.6467,"hold",818.334,786.411599999999,"hold",-1,"-1",806.68,802.66,807,801.33,2163200,"hold","hold",796.033381712607,818.334,840.634618287393,0.148574765999621,26.0851890429163,47.3319063607578,"hold"
"2013-03-28",-0.5,790.21905,"hold",817.9835,787.796799999999,"hold",-1,"1",803.99,794.19,805.37,793.3,2287800,"hold","hold",794.431473951272,817.9835,841.535526048729,-0.00512639445056378,26.8243077857828,42.0340098335843,"hold"
"2013-04-01",-0.5,797.18405,"hold",817.7335,789.516799999999,"hold",1,"1",795.01,801.19,802.25,793.25,1807300,"hold","hold",793.587383728434,817.7335,841.879616271567,0.157429380900456,27.2125495440221,47.2854595686346,"hold"
"2013-04-02",-0.5,808.9748,"hold",817.3105,791.551199999999,"hold",1,"-1",804.54,813.04,814.83,804,2041500,"hold","hold",793.146731688745,817.3105,841.474268311255,0.411634229707228,35.0833787095081,54.7577706652374,"hold"
"2013-04-03",0.5,810.231,"hold",815.6905,793.584999999999,"hold",-1,"-1",813.46,806.2,814.2,800.67,1738500,"hold","hold",793.164289066956,815.6905,838.216710933044,0.289345397940888,35.0050143245239,50.3235413360193,"hold"
"2013-04-04",-0.5,791.09465,"hold",813.875,795.428999999999,"hold",-1,"-2",804.25,795.07,805.75,791.3,2447600,"hold","hold",790.852077943927,813.875,836.897922056073,0.0916026655043988,34.0458352418027,44.0698340101019,"hold"
"2013-04-05",0,783.05,"hold",811.3975,796.259999999999,"hold",-2,"-1",786.06,783.05,786.99,776.4,3433900,"hold","hold",786.389223070152,811.3975,836.405776929849,-0.0667623579089155,33.8019438264965,38.5047172310963,"hold"
"2013-04-08",0,774.85,"hold",808.564,796.672799999999,"hold",-1,"0",778.75,774.85,779.55,768.4,2832100,"hold","hold",780.645189566889,808.564,836.482810433111,-0.103786470071378,32.7400433750104,35.2357507697533,"hold"
"2013-04-09",0,777.65,"hold",805.7055,797.152399999999,"hold",0,"2",775.5,777.65,783.75,773.11,2157300,"hold","hold",777.420601927,805.7055,833.990398073,0.00405513345686415,32.6633107758141,37.1964438865658,"hold"
"2013-04-10",1,798.0818,"hold",803.834,797.941399999999,"hold",2,"0",782.92,790.18,792.35,776,1978600,"hold","hold",776.662834842797,803.834,831.005165157203,0.248740992132595,33.7314584013346,45.1927598335623,"hold"
"2013-04-11",-0.5,786.43805,"hold",802.088,798.675599999999,"hold",0,"0",792.88,790.39,793.1,784.06,2028700,"hold","hold",776.203976665132,802.088,827.972023334869,0.274030492696973,40.0245629548813,45.3184205893026,"hold"
"2013-04-12",-0.5,786.09975,"hold",800.5135,799.399999999999,"hold",0,"-1",791.99,790.05,792.1,782.93,1636700,"hold","hold",775.747129838025,800.5135,825.279870161976,0.288755882845012,39.8836734433185,45.1379742384867,"hold"
"2013-04-15",-0.5,778.02035,"sell",798.895,799.924799999999,"hold",-1,"1",785.95,781.93,797,777.02,2453100,"hold","hold",773.716622371567,798.895,824.073377628434,0.163103789879571,33.176684159084,40.9448790096262,"hold"
"2013-04-16",-0.5,789.40315,"hold",798.174,800.280199999999,"hold",1,"-1",786.59,793.37,796,783.92,1742000,"hold","hold",773.231019905392,798.174,823.116980094608,0.403700360145842,38.2813865191607,48.2401341023,"hold"
"2013-04-17",-0.5,778.6472,"hold",796.736,800.750999999999,"hold",-1,"-2",786.75,782.56,790.84,778.1,2037000,"hold","hold",771.674539228529,796.736,821.797460771472,0.217175304957928,38.5058737245061,42.8531023008866,"hold"
"2013-04-18",2.5,785.05775,"hold",794.296000000001,800.754399999999,"buy",-2,"4",785.35,765.91,785.8,761.26,3322500,"hold","hold",767.283078351278,794.296000000001,821.308921648723,-0.0254152136731826,37.3673759354034,36.1558997534161,"hold"
"2013-04-19",0,799.87,"hold",793.7265,801.348399999999,"hold",4,"0",769.16,799.87,803.44,766.26,5803200,"hold","hold",767.706141605082,793.7265,819.746858394919,0.618051794421082,44.3757512033791,52.4715096597342,"hold"
"2013-04-22",0,800.11,"hold",793.2165,801.871599999999,"hold",0,"1",800.6,800.11,803.96,775,2883400,"hold","hold",768.133318961703,793.2165,818.299681038298,0.637412794443308,45.6004380260873,52.5637712509369,"hold"
"2013-04-23",0,807.9,"hold",793.1295,802.322199999999,"hold",1,"1",801,807.9,815.5,800.36,2292300,"hold","hold",768.263650748467,793.1295,817.995349251534,0.797003730911957,51.2531482141239,55.5779981797219,"hold"
"2013-04-24",0,813.45,"hold",793.181,802.942799999999,"hold",1,"-1",808.11,813.45,818,808,1829100,"hold","hold",768.15182270629,793.181,818.210177293711,0.90490743587271,57.269572361231,57.6430487559478,"hold"
"2013-04-25",0,809.1,"hold",793.503,803.510799999999,"hold",-1,"-1",816.25,809.1,816.47,807.63,1992200,"hold","hold",767.836726332013,793.503,819.169273667987,0.803842314660844,59.4892827793759,55.4666162832329,"hold"
"2013-04-26",0,801.42,"hold",793.8645,803.881999999999,"hold",-1,"2",807.6,801.42,807.74,796.58,2487700,"hold","hold",767.967082001289,793.8645,819.761917998712,0.6458736156704,59.9187723465383,51.7514566509248,"hold"
"2013-04-29",0,819.06,"hold",794.758,804.506799999999,"hold",2,"1",803.25,819.06,822.7,803,2300800,"hold","hold",766.763126469298,794.758,822.752873530702,0.934043753999238,60.2036775320407,58.6090705466406,"hold"
"2013-04-30",0,824.57,"hold",795.3345,805.140399999999,"hold",1,"-1",819,824.57,827.64,817.68,2306700,"hold","hold",765.446571015208,795.3345,825.222428984793,0.989085409947194,60.6928900019307,60.4977089197839,"hold"
"2013-05-01",0,820.43,"hold",796.046,805.411999999999,"hold",-1,"1",823.26,820.43,824.72,816.36,1455000,"hold","hold",764.524445850498,796.046,827.567554149502,0.886782959437055,55.7770730800263,58.3435874663423,"hold"
"2013-05-02",0,829.61,"hold",797.773,806.154999999999,"hold",1,"2",820.1,829.61,834.55,819.05,2018300,"hold","hold",763.034028167201,797.773,832.511971832799,0.958231754141045,61.0005858837415,61.6079583082928,"hold"
"2013-05-03",0,845.72,"hold",800.9065,807.158799999999,"hold",2,"2",836.96,845.72,846.8,836,2512600,"hold","hold",761.107624500811,800.9065,840.70537549919,1.06299957521302,68.1184770860981,66.5603689094486,"hold"
"2013-05-06",0,861.55,"hold",805.2415,808.395599999999,"hold",2,"-1",848.26,861.55,861.85,848.26,2141300,"hold","hold",759.322874465257,805.2415,851.160125534744,1.11313355249924,68.6289694794611,70.5767599436202,"sell"
"2013-05-07",-0.5,852.94385,"hold",809.2205,809.7248,"hold",-1,"2",863.01,857.23,863.87,850.67,1959000,"hold","hold",759.890052414356,809.2205,858.550947585645,0.986611234538755,74.2919144937539,68.1704145612376,"hold"
"2013-05-08",0,873.63,"buy",813.393,811.3948,"hold",2,"0",857,873.63,873.88,852.91,2468300,"hold","buy",757.526528445051,813.393,869.25947155495,1.03911584465068,82.9813029662609,72.0644370639039,"sell"
"2013-05-09",-0.5,867.1226,"hold",817.4475,812.8288,"hold",0,"1",870.84,871.48,879.66,868.23,2200600,"hold","hold",757.245348252741,817.4475,877.649651747259,0.948758876815891,81.2092620165386,70.8408620294329,"sell"
"2013-05-10",-0.5,875.82885,"hold",821.9565,814.4094,"hold",1,"0",875.31,880.23,880.54,872.16,1897700,"hold","hold",757.294466232108,821.9565,886.618533767892,0.95060058124042,80.7414457596438,72.8604662408719,"sell"
"2013-05-13",-0.5,873.14235,"hold",826.7365,815.8362,"hold",0,"1",878.89,877.53,882.47,873.38,1448500,"hold","hold",760.501738348734,826.7365,892.971261651266,0.883435364857457,80.28263916449,71.2212303541502,"sell"
"2013-05-14",-1.5,873.7935,"hold",831.423,817.1482,"buy",1,"3",877.5,887.1,888.69,877.14,1579300,"hold","hold",762.102899855814,831.423,900.743100144187,0.901593476381246,80.2089383797618,73.4972369579196,"sell"
"2013-05-15",-0.5,911.31055,"hold",838.0895,818.694,"hold",3,"-1",895.5,915.89,916.38,894.02,3985900,"hold","hold",763.410696722229,838.0895,912.768303277771,1.020900821821,87.8675520761516,78.9027959242417,"sell"
"2013-05-16",-0.5,899.35065,"hold",844.9875,820.1438,"hold",-1,"1",919,903.87,919.98,902.01,3209600,"hold","hold",772.80694281872,844.9875,917.16805718128,0.907883385079155,84.8915436242423,72.2747775262907,"sell"
"2013-05-17",-0.5,904.6341,"hold",850.453,821.6754,"hold",1,"0",910.02,909.18,913.49,900.52,2792000,"hold","hold",776.24003803243,850.453,924.66596196757,0.895665382724265,76.1534370815033,73.3402025545901,"sell"
"2013-05-20",-0.5,903.98735,"hold",855.874,823.2156,"hold",0,"0",905,908.53,920.6,905,2272700,"hold","hold",781.323890570168,855.874,930.424109429833,0.853158435331073,76.2998952342121,72.9705455270223,"sell"
"2013-05-21",-0.5,902.43515,"hold",860.8275,824.6586,"hold",0,"-2",908.02,906.97,911.66,897.61,1983000,"hold","hold",786.521178095333,860.8275,935.133821904667,0.810488386568235,74.6970214144792,72.0321644277742,"sell"
"2013-05-22",-0.5,884.9729,"hold",864.626,825.8948,"hold",-2,"-1",902.56,889.42,909.31,886.88,2560600,"hold","hold",792.665623569634,864.626,936.586376430366,0.672275363400804,67.4002581914755,62.322316039254,"hold"
"2013-05-23",-0.5,878.37605,"hold",868.3105,827.0444,"hold",-1,"-1",877,882.79,889.96,874,2275100,"hold","hold",800.683933777842,868.3105,935.937066222159,0.607054821861231,60.3905325756089,59.0821775825936,"hold"
"2013-05-24",-0.5,868.9534,"hold",871.9055,828.08,"hold",-1,"1",875.26,873.32,878.82,871.01,2296800,"hold","hold",811.641019756659,871.9055,932.169980243341,0.511735768684043,53.7746171646876,54.7071088308135,"hold"
"2013-05-28",-0.5,876.86365,"hold",875.016,829.4194,"hold",1,"-1",883.5,881.27,892.14,880.4,2257500,"hold","hold",819.770039640893,875.016,930.261960359107,0.556601423519004,54.2699929232079,57.5490656504866,"hold"
"2013-05-29",0.5,872.65155,"hold",877.203,830.6298,"hold",-1,"0",875.71,868.31,877.99,864.29,2013400,"hold","hold",826.873897444918,877.203,927.532102555083,0.41165151424797,47.6745829597994,51.8386979729665,"hold"
"2013-05-30",-0.5,866.4062,"hold",879.7195,831.8186,"hold",0,"0",869.92,870.76,878.9,866.41,2120700,"hold","hold",836.460336589227,879.7195,922.978663410774,0.396443905827258,47.5452990103641,52.7923371011979,"hold"
"2013-05-31",-0.5,866.8639,"hold",881.8,832.9488,"hold",0,"0",868.12,871.22,877,867.52,1969400,"hold","hold",844.836542369524,881.8,918.763457630476,0.356885682803697,41.7635626156003,52.9805890399061,"hold"
"2013-06-03",-0.5,863.29185,"hold",882.8955,834.0762,"hold",0,"-1",873,867.63,873.97,855.02,2475700,"hold","hold",849.112350072855,882.8955,916.678649927146,0.274066360997706,36.3308090085445,51.2624909196556,"hold"
"2013-06-04",-0.5,854.8045,"hold",882.773,835.052,"hold",-1,"0",867.85,859.1,870.59,854.07,1868600,"hold","hold",848.664932274021,882.773,916.88106772598,0.152970666790823,31.4689208762411,47.3346856917633,"hold"
"2013-06-05",-0.5,855.4015,"hold",882.8965,836.0532,"hold",0,"1",862.51,859.7,869.45,857.13,2106800,"hold","hold",849.143233920997,882.8965,916.649766079003,0.156381401051588,27.1276395501902,47.6385980824229,"hold"
"2013-06-06",-1,855.9936,"hold",882.447,837.0976,"hold",1,"2",864.3,864.64,866.33,847.22,2579100,"hold","hold",847.980188078965,882.447,916.913811921035,0.241679038363096,27.8103237953159,50.1873287249567,"hold"
"2013-06-07",-0.5,875.33135,"hold",882.8595,838.639,"hold",2,"1",870.42,879.73,880,865.32,2674600,"hold","hold",848.731770819757,882.8595,916.987229180243,0.454150187030143,36.480520465735,57.0626757773672,"hold"
"2013-06-10",-0.5,885.7689,"hold",883.359,840.5596,"hold",1,"-1",882.1,890.22,891,880.09,2337800,"buy","hold",849.107628698985,883.359,917.610371301015,0.600156573874117,36.4864645115849,61.0838726907604,"hold"
"2013-06-11",-0.5,875.41095,"hold",883.473,842.131999999999,"hold",-1,"-1",883.97,879.81,887,879.52,1757600,"hold","hold",849.284872177611,883.473,917.661127822389,0.446428771721136,36.8130881472319,55.5263712822529,"hold"
"2013-06-12",-0.5,867.6201,"hold",882.717,843.3108,"hold",-1,"1",885.46,871.98,886,869.65,2204800,"hold","hold",848.215859091329,882.717,917.218140908672,0.344396450128672,37.3052517219679,51.7151307292217,"hold"
"2013-06-13",-0.5,872.615,"hold",880.7725,844.7268,"hold",1,"0",868.98,877,879.66,865.5,2069900,"hold","hold",849.761991539158,880.7725,911.783008460843,0.439173844815154,37.5807310859119,53.899851948243,"hold"
"2013-06-14",-0.5,870.6648,"hold",879.331,846.3262,"hold",0,"1",880.1,875.04,884.7,874.13,2245000,"hold","hold",850.121183910199,879.331,908.540816089802,0.426548664551525,44.9940728511151,52.8935581698236,"hold"
"2013-06-17",-0.5,881.81875,"hold",878.184500000001,848.3902,"hold",1,"2",879.23,886.25,889.43,878.28,2146300,"hold","hold",852.120397118835,878.184500000001,904.248602881166,0.654724297183228,44.7914750562195,57.7518052303853,"hold"
"2013-06-18",-0.5,896.1169,"hold",877.789,850.9056,"hold",2,"0",888.65,900.62,901,888.35,2166900,"hold","hold",853.392028138722,877.789,902.185971861279,0.967906429736797,51.7044826071537,63.0172422981671,"hold"
"2013-06-19",-0.5,896.1766,"hold",877.4745,853.3662,"hold",0,"-2",901.37,900.68,910.84,897.5,2915900,"hold","hold",854.467761443656,877.4745,900.481238556345,1.00431963537917,53.0733498602838,63.0379561761216,"hold"
"2013-06-20",-0.5,880.3163,"hold",877.240500000001,855.2574,"hold",-2,"0",893.99,884.74,901,883.31,3372000,"hold","hold",854.632769043533,877.240500000001,899.848230956468,0.665861404101993,50.7203317887628,54.3316011145897,"hold"
"2013-06-21",-0.5,876.52535,"hold",877.147500000001,857.0682,"hold",0,"-1",888.34,880.93,889.88,873.07,3982300,"hold","hold",854.616676779355,877.147500000001,899.678323220647,0.583940563621601,48.4326430380343,52.466353581521,"hold"
"2013-06-24",-0.5,865.44105,"hold",876.971000000001,858.663,"hold",-1,"0",871.88,869.79,876.32,863.25,3016900,"hold","hold",854.268357070157,876.971000000001,899.673642929845,0.341846607415015,46.8633512838548,47.3479976171893,"hold"
"2013-06-25",-0.5,861.869,"hold",876.217500000001,860.3484,"hold",0,"1",877.26,866.2,879.68,864.51,2553200,"hold","hold",853.138384873983,876.217500000001,899.296615126019,0.28297478163044,47.5423453414245,45.7974509152936,"hold"
"2013-06-26",-0.5,869.28175,"hold",876.484500000001,861.953999999999,"hold",1,"0",873.75,873.65,878,870.57,1831400,"hold","hold",853.655284091433,876.484500000001,899.313715908568,0.437919462250629,53.6294242588972,49.4938115531539,"hold"
"2013-06-27",-0.5,872.68465,"hold",876.800000000001,863.8442,"hold",0,"0",878.8,877.07,884.69,876.65,1926500,"hold","hold",854.122047711489,876.800000000001,899.477952288512,0.505952918424122,52.6459826240254,51.1410382638907,"hold"
"2013-06-28",-0.5,875.96815,"hold",877.257500000001,866.133399999999,"hold",0,"1",874.9,880.37,881.84,874.19,2349300,"hold","hold",854.679324808015,877.257500000001,899.835675191986,0.568927182412514,45.8516488754196,52.7426265308717,"hold"
"2013-07-01",-0.5,883.4406,"hold",878.270000000001,867.893599999999,"hold",1,"-1",886.45,887.88,892.08,885,1724800,"hold","hold",855.693394409257,878.270000000001,900.846605590744,0.712830931589188,50.9136518533846,56.2568350523135,"hold"
"2013-07-02",-0.5,877.89845,"hold",879.430500000001,869.537599999999,"hold",-1,"0",890.2,882.31,891,877.27,1891500,"hold","hold",858.595850518908,879.430500000001,900.265149481094,0.569103634371491,51.3522722290039,53.1027397111805,"hold"
"2013-07-03",-0.5,881.99785,"hold",880.767000000001,871.108199999999,"hold",0,"1",879.9,886.43,889.17,878.5,1047000,"hold","hold",861.822930637797,880.767000000001,899.711069362205,0.649466302401152,56.0626362468058,55.1076660026103,"hold"
"2013-07-05",-0.5,889.02255,"hold",882.209500000001,872.708999999999,"hold",1,"1",890.01,893.49,895.41,887.34,1701900,"hold","hold",864.018473118596,882.209500000001,900.400526881406,0.810056712948134,55.3727706366236,58.3904066913554,"hold"
"2013-07-08",-0.5,900.56455,"hold",883.477500000001,874.628799999999,"hold",1,"0",899.21,905.09,906.27,897.08,1969500,"hold","hold",862.790401725956,883.477500000001,904.164598274046,1.02236663918968,55.1852903496633,63.1574786553805,"hold"
"2013-07-09",-0.5,900.7138,"hold",884.228500000001,876.705199999999,"hold",0,"0",911,905.24,912.95,897.98,1979400,"hold","hold",861.615913880762,884.228500000001,906.84108611924,0.96459745668193,54.9486569545518,63.2161644787638,"hold"
"2013-07-10",-0.5,901.46005,"hold",885.537500000001,878.443799999999,"hold",0,"2",903.45,905.99,911.14,900.38,1708400,"hold","hold",861.13907638289,885.537500000001,909.935923617112,0.919135685177124,53.1690227122667,63.5289786874282,"hold"
"2013-07-11",-0.5,915.6388,"hold",887.950500000001,880.357199999999,"hold",2,"0",913,920.24,920.81,908.52,2584200,"hold","hold",860.092209689934,887.950500000001,915.808790310069,1.0795312569546,63.2411274458967,68.9345901985373,"hold"
"2013-07-12",-0.5,918.385,"hold",890.250500000001,882.408599999999,"hold",0,"0",920,923,923,915.24,2568200,"hold","hold",858.999337797612,890.250500000001,921.50166220239,1.02397251321258,75.256748367492,69.8661909674288,"hold"
"2013-07-15",-0.5,920.06655,"hold",892.733000000001,884.310199999999,"hold",0,"-1",924.3,924.69,928,916.36,1960500,"hold","buy",858.925783551438,892.733000000001,926.540216448564,0.972635776574818,84.9901811690284,70.4505298097188,"sell"
"2013-07-16",-0.5,915.01195,"hold",894.401000000001,885.787999999999,"hold",-1,"0",927.13,919.61,927.97,913.9,1983000,"hold","hold",858.793869309646,894.401000000001,930.008130690356,0.853988084847674,77.2946770404768,66.2893527668149,"hold"
"2013-07-17",-0.5,913.95725,"hold",895.297500000001,886.927999999999,"hold",0,"-1",921,918.55,926.86,916.3,1506100,"hold","hold",858.236030048041,895.297500000001,932.35896995196,0.8137018044635,77.0942533127387,65.4210399525939,"hold"
"2013-07-18",-0.5,906.1266,"hold",895.797500000001,887.996999999999,"hold",-1,"-2",918.99,910.68,920,903.19,3634500,"hold","hold",858.193210949415,895.797500000001,933.401789050587,0.697883012493321,65.735262802722,59.2188385175927,"hold"
"2013-07-19",-0.5,892.117,"hold",896.390500000001,888.456399999999,"hold",-2,"2",886.61,896.6,902.95,875.61,7359300,"buy","hold",859.129916282082,896.390500000001,933.651083717919,0.502811281776814,56.0073401821652,50.0726240545571,"hold"
"2013-07-22",-0.5,906.1465,"hold",897.879000000001,889.240799999999,"hold",2,"-1",902,910.7,912.67,897,2903200,"hold","hold",860.82990397864,897.879000000001,934.928096021361,0.673027163639935,57.5444575318602,57.2013610850362,"hold"
"2013-07-23",-0.5,899.281,"hold",899.579500000001,889.712199999999,"hold",-1,"0",910.7,903.8,913,899.57,2045700,"hold","hold",864.790392811112,899.579500000001,934.36860718889,0.56065835459766,57.2154502115551,53.198350991364,"hold"
"2013-07-24",-0.5,898.3855,"hold",901.414500000001,890.219599999999,"hold",0,"-2",907.26,902.9,910.3,900.7,2078500,"hold","hold",870.170620295329,901.414500000001,932.658379704673,0.523772655861575,52.7038166718817,52.6804958663275,"hold"
"2013-07-25",-0.5,883.2615,"hold",902.117000000001,890.231599999999,"hold",-2,"0",893.87,887.7,896.85,886.08,3001100,"hold","hold",872.831337910849,902.117000000001,931.402662089153,0.253855658852579,46.4103453951831,44.7563799163738,"hold"
"2013-07-26",-0.5,880.92325,"hold",902.531000000001,889.620799999999,"hold",0,"0",886.99,885.35,889.99,882,1777700,"hold","hold",874.464642274068,902.531000000001,930.597357725933,0.193921809025366,41.3963185403543,43.662871281288,"hold"
"2013-07-29",-0.5,877.85865,"hold",902.626000000001,889.188799999999,"hold",0,"1",884.9,882.27,894.82,880.89,1891900,"hold","hold",874.848959552898,902.626000000001,930.403040447104,0.133582273842933,41.1933134308048,42.2073359757809,"hold"
"2013-07-30",-0.5,886.4654,"hold",902.778000000001,888.823599999999,"hold",1,"0",885.46,890.92,895.61,880.87,1755600,"hold","hold",875.293663660915,902.778000000001,930.262336339087,0.284277126911426,41.2169070812334,47.5005037868725,"hold"
"2013-07-31",-0.5,883.31125,"hold",903.050000000001,888.407999999999,"hold",0,"2",892.99,887.75,896.51,886.18,2173500,"hold","hold",876.282983729971,903.050000000001,929.81701627003,0.214200495011245,40.4452795129608,45.8434077453909,"hold"
"2013-08-01",-0.5,899.6989,"hold",903.939500000001,888.352999999999,"hold",2,"0",895,904.22,904.55,895,2138400,"buy","hold",878.281417082526,903.939500000001,929.597582917475,0.505466113756464,39.6479194777013,54.6880664515783,"hold"
"2013-08-02",0,906.57,"hold",904.593500000001,888.695999999999,"hold",0,"0",903.44,906.57,907,900.82,1713900,"buy","hold",879.37105263659,904.593500000001,929.815947363411,0.539181368316915,39.1649870493665,55.7973361242243,"hold"
"2013-08-05",0,905,"hold",904.589000000001,889.140199999999,"hold",0,"-1",905.39,905,905.52,899.2,1309700,"hold","hold",879.366876457364,904.589000000001,929.811123542637,0.508147608969259,39.958489455766,54.8315705860337,"hold"
"2013-08-06",0.5,901.05285,"hold",904.1555,889.605199999999,"hold",-1,"-1",904.69,896.57,909.71,895.73,1506100,"hold","hold",878.696121786855,904.1555,929.614878213146,0.351027390840134,35.6191643198617,49.84301151719,"hold"
"2013-08-07",-0.5,886.19675,"hold",903.3885,889.792799999999,"hold",-1,"0",895.04,890.65,898.45,889.09,1379200,"hold","hold",877.280389938182,903.3885,929.496610061818,0.256043237717349,38.1235994560295,46.6343135651092,"hold"
"2013-08-08",-0.5,888.1967,"hold",902.0095,890.279799999999,"hold",0,"0",895.49,892.66,895.84,885.29,1488000,"hold","hold",876.706291132349,902.0095,927.312708867652,0.315250704981669,46.318943457207,47.861587195397,"hold"
"2013-08-09",-0.5,885.95795,"hold",900.38,890.672799999999,"hold",0,"-1",890.56,890.41,895.52,890,1323700,"hold","hold",876.53842370983,900.38,924.22157629017,0.290911475846691,42.91645410686,46.5704832987536,"hold"
"2013-08-12",-0.5,881.08245,"hold",898.421,890.958599999999,"hold",-1,"0",886.9,885.51,887,881.65,1377000,"hold","hold",876.532688141842,898.421,920.309311858159,0.205070905338276,44.1381705133817,43.7994544835007,"hold"
"2013-08-13",-0.5,876.84375,"hold",896.503,891.230999999999,"hold",0,"-1",886.83,881.25,888.5,876.2,1419800,"hold","hold",875.680963500176,896.503,917.325036499824,0.133729390491434,45.4189040921887,41.48817315246,"hold"
"2013-08-14",-0.5,865.46095,"hold",894.066,891.445199999999,"hold",-1,"-1",878.37,869.81,880.23,867.16,2082200,"hold","hold",872.733148901284,894.066,915.398851098717,-0.0685128510895571,47.2870685794374,35.994954922353,"hold"
"2013-08-15",-0.5,855.3617,"hold",891.515,891.444399999999,"hold",-1,"0",864.44,859.66,864.92,858,1869200,"hold","hold",866.804481996527,891.515,916.225518003474,-0.144563582105446,47.2087965265443,31.9526082438638,"hold"
"2013-08-16",-0.5,852.62545,"sell",889.5305,891.2898,"hold",0,"1",861.28,856.91,862.44,856.54,1675100,"hold","hold",860.734901395352,889.5305,918.326098604648,-0.06641468801998,39.6118266604365,30.9388205592187,"hold"
"2013-08-19",-0.5,861.32175,"hold",887.278,891.0082,"hold",1,"0",857.71,865.65,872,857.45,1810900,"hold","hold",858.410759328263,887.278,916.145240671738,0.125388511393547,39.628033936673,37.7037886675876,"hold"
"2013-08-20",-0.5,861.0929,"hold",885.359,890.512199999999,"hold",0,"0",868.35,865.42,872.11,863.54,1233000,"hold","hold",856.040976942502,885.359,914.677023057499,0.159953197374595,36.9784949249348,37.5994094893172,"hold"
"2013-08-21",-0.5,864.98335,"hold",883.6805,890.3026,"hold",0,"1",870.65,869.33,876.91,866.5,1757300,"hold","hold",854.730103474219,883.6805,912.630896525782,0.252153653798481,35.6847561347911,40.6094994240977,"hold"
"2013-08-22",-0.5,869.34145,"hold",882.981,890.337199999999,"hold",1,"0",872.7,873.71,874.75,870.25,869900,"hold","hold",853.777932421405,882.981,912.184067578596,0.341266675580417,32.9390285239637,43.8755642202921,"hold"
"2013-08-23",-0.5,865.85895,"hold",882.224,890.201399999999,"hold",0,"0",877.83,870.21,878,869.75,1077100,"hold","hold",852.525107495397,882.224,911.922892504604,0.297736565460512,33.3766202793772,41.8929972730549,"hold"
"2013-08-26",-0.5,862.05805,"hold",881.43,890.028399999999,"hold",0,"-2",870,866.39,874.9,866.05,1052500,"hold","hold",850.939917022088,881.43,911.920082977913,0.253362429172538,34.2025156208467,39.780226406705,"hold"
"2013-08-27",-0.5,845.89925,"hold",879.3915,889.306399999999,"hold",-2,"0",859.62,850.15,863.73,847.9,1734100,"hold","hold",846.365769258653,879.3915,912.417230741348,0.0572921576056075,33.7310278471889,32.318078638063,"hold"
"2013-08-28",-0.5,844.30725,"hold",877.4315,888.264999999999,"hold",0,"1",850.25,848.55,855.41,847.77,1329900,"hold","hold",842.05355191083,877.4315,912.80944808917,0.0918149361403777,34.0983767053413,31.6874089410738,"hold"
"2013-08-29",0.5,859.70715,"hold",874.992,887.359999999999,"hold",1,"-1",849.07,855.43,860.38,848.59,1478500,"hold","hold",840.625111517043,874.992,909.358888482957,0.215394659459765,34.4028329511326,37.3489890042566,"hold"
"2013-08-30",-0.5,842.6655,"hold",872.0085,886.603199999999,"hold",-1,"2",855.76,846.9,858.04,845.56,1861600,"hold","hold",838.78387041591,872.0085,905.233129584091,0.122140256877027,33.7198028487843,33.6278085001232,"hold"
"2013-09-03",-0.5,856.0781,"hold",869.7775,886.192199999999,"hold",2,"1",854.36,860.38,866.19,853.95,2047600,"hold","hold",839.888987909232,869.7775,899.666012090769,0.342790769050977,42.1467897839998,43.2503656390066,"hold"
"2013-09-04",-0.5,867.27185,"hold",868.530500000001,886.228999999999,"hold",1,"1",860.35,871.63,873.5,855.17,2041200,"hold","hold",841.25007003638,868.530500000001,895.810929963621,0.556808122235111,51.6553270073723,49.7925105589139,"hold"
"2013-09-05",9,958.7204,"hold",867.976000000001,886.496199999999,"hold",1,"0",873.5,879.56,879.88,871.61,1291300,"hold","hold",842.101930045701,867.976000000001,893.8500699543,0.723853456770807,59.1728374275701,53.8326588369123,"hold"
"2013-09-06",-1,870.7842,"hold",867.322000000001,886.614799999999,"hold",0,"1",882.44,879.58,883.78,873.74,1561600,"hold","hold",843.388190775391,867.322000000001,891.25580922461,0.756081259045787,66.8969074954545,53.8427469570461,"hold"
"2013-09-09",-1,879.1695,"hold",867.204000000001,886.834399999999,"hold",1,"0",883.73,888.05,889.75,882.42,1234600,"hold","hold",843.707396500771,867.204000000001,890.70060349923,0.943596028691614,66.0197608766453,58.0258222090547,"hold"
"2013-09-10",-1,879.7833,"hold",867.362000000001,887.000399999999,"hold",0,"1",890.02,888.67,892,884,1287600,"hold","hold",843.338544295211,867.362000000001,891.385455704791,0.943483241167316,66.1616277267597,58.3235636335426,"hold"
"2013-09-11",-1,887.2281,"hold",868.109000000001,887.166599999999,"hold",1,"0",888.54,896.19,896.97,886.08,1610600,"hold","hold",841.603721355927,868.109000000001,894.614278644074,1.02972467064175,65.9864690104462,61.8576364970218,"hold"
"2013-09-12",-1,884.1294,"hold",869.271500000001,887.381599999999,"hold",0,"0",897.4,893.06,897.9,890.01,1095500,"hold","hold",840.617425752173,869.271500000001,897.925574247828,0.915098037965808,66.4014431435778,59.5925335119768,"hold"
"2013-09-13",-1,880.1793,"hold",870.742000000001,887.434399999999,"hold",0,"0",894.5,889.07,895.68,884.84,1325400,"hold","hold",841.206827340949,870.742000000001,900.277172659052,0.8102741299598,65.5297974799244,56.7402098203371,"hold"
"2013-09-16",-1,878.8824,"hold",872.2845,887.3198,"hold",0,"0",896.2,887.76,897,884.87,1336500,"hold","hold",842.578156923142,872.2845,901.990843076859,0.76047467303465,70.9804240221949,55.7959474142087,"hold"
"2013-09-17",-1,877.2489,"hold",873.3075,886.9402,"hold",0,"2",887.41,886.11,888.39,881,1259400,"hold","hold",843.179335850819,873.3075,903.435664149182,0.712467310265029,72.4116068081788,54.5642409740097,"hold"
"2013-09-18",-1,894.2868,"hold",875.202500000001,886.9018,"hold",2,"-1",886.35,903.32,903.97,883.07,1934700,"hold","hold",842.628742540966,875.202500000001,907.776257459035,0.931597429853782,79.3306090291911,63.5920504668866,"hold"
"2013-09-19",-1,889.4061,"hold",876.6555,886.7498,"hold",-1,"1",905.99,898.39,905.99,895.4,1597900,"hold","hold",842.696118100443,876.6555,910.614881899558,0.820007296721186,79.5207761280148,59.9192152217346,"hold"
"2013-09-20",-1,894.0789,"hold",878.1255,886.4072,"hold",1,"-2",898.39,903.11,904.13,895.62,4345300,"hold","buy",842.308898555977,878.1255,913.942101444024,0.848783790095875,89.2103521138777,62.1718632128424,"hold"
"2013-09-23",-1,877.635,"hold",878.940000000001,885.6772,"hold",-2,"0",896.15,886.5,901.59,885.2,1777400,"hold","hold",843.139570952292,878.940000000001,914.740429047709,0.605585326783722,81.6080754952669,51.2548383129121,"hold"
"2013-09-24",-1,877.9716,"hold",879.962500000001,884.9202,"hold",0,"-1",886.5,886.84,890.1,881.4,1486800,"hold","hold",844.487576532853,879.962500000001,915.437423467149,0.596934670012304,74.820358908504,51.442795122782,"hold"
"2013-09-25",-1,868.4577,"hold",881.3165,884.0726,"hold",-1,"0",886.55,877.23,886.55,875.6,1649000,"hold","hold",848.531240949628,881.3165,914.101759050372,0.437677783882661,68.2785921310692,46.0391925228872,"hold"
"2013-09-26",-1,869.3883,"hold",882.7975,883.265,"hold",0,"0",878.3,878.17,882.75,875,1259900,"hold","hold",853.585325226458,882.7975,912.009674773543,0.420795010370274,62.5198132697623,46.6297299046141,"hold"
"2013-09-27",-1,867.6261,"buy",883.8455,882.5792,"hold",0,"0",874.82,876.39,877.52,871.31,1258800,"hold","hold",857.249012656744,883.8455,910.441987343257,0.359840513828404,57.2088571524003,45.6117882509316,"hold"
"2013-09-30",-1,867.1509,"hold",885.296,882.1654,"hold",0,"1",869.08,875.91,880.84,868.31,1722400,"hold","hold",864.354228919215,885.296,906.237771080785,0.275902430510942,50.7899361622035,45.3244467105222,"hold"
"2013-10-01",-1,878.13,"hold",886.627,881.6914,"hold",1,"0",880.25,887,887.67,880.05,1684800,"buy","hold",869.080181370972,886.627,904.173818629028,0.510628707342503,50.9123164146074,52.7333087862492,"hold"
"2013-10-02",-1,879.1101,"hold",887.445,881.3752,"hold",0,"-1",882.73,887.99,889.36,877.82,1495300,"buy","hold",871.301769220506,887.445,903.588230779494,0.516880140271922,51.7003918744819,53.3411369333675,"hold"
"2013-10-03",-1,867.3291,"hold",887.2715,880.838999999999,"hold",-1,"0",888,876.09,894.1,872.1,2117000,"hold","hold",870.72350764443,887.2715,903.81949235557,0.162149348400063,50.1003600281203,45.7288922894373,"hold"
"2013-10-04",-1,863.6265,"hold",886.91,880.532,"hold",0,"-1",875,872.35,877.51,870,1358000,"hold","hold",869.416809324769,886.91,904.403190675231,0.0838380696148345,44.7350854449402,43.6218934059334,"hold"
"2013-10-07",-1,857.0826,"hold",885.7945,880.139799999999,"hold",-1,"-1",867.45,865.74,873.99,864.11,1293600,"hold","hold",866.03574955874,885.7945,905.55325044126,-0.00748401473107366,44.7189296413558,40.1047954041091,"hold"
"2013-10-08",-1,845.1333,"hold",884.0445,879.5678,"hold",-1,"0",865.32,853.67,865.98,851.63,1943700,"hold","hold",859.901152696861,884.0445,908.187847303139,-0.129044921125143,36.9989597930799,34.6163240770048,"hold"
"2013-10-09",-1,847.3014,"hold",882.028,878.8666,"hold",0,"1",856.28,855.86,862.65,842.98,2651300,"hold","hold",855.646061026528,882.028,908.409938973472,0.00405464840334235,29.3853307007554,36.3192081279103,"hold"
"2013-10-10",-1,859.5576,"hold",880.787,878.4764,"hold",1,"0",863.84,868.24,868.83,860.21,2255300,"hold","hold",854.262913512432,880.787,907.311086487569,0.263479130452222,22.7670114414109,45.0342437300233,"hold"
"2013-10-11",-1,863.2701,"hold",879.933,877.831799999999,"hold",0,"0",866.03,871.99,873.48,865.3,1408900,"hold","hold",853.430816618249,879.933,906.435183381752,0.350144422337114,29.1205480635634,47.3832285653368,"hold"
"2013-10-14",-1,867.3489,"hold",879.3505,877.222599999999,"hold",0,"1",866.66,876.11,876.25,865.39,1243600,"hold","hold",853.050705723238,879.3505,905.650294276762,0.43839305422127,34.7860992363036,49.9156760762302,"hold"
"2013-10-15",-1,873.1899,"hold",879.1455,876.7628,"hold",1,"2",875.76,882.01,885.63,874,1591900,"buy","hold",852.996169243746,879.1455,905.294830756255,0.554771956244321,41.7757803213359,53.3763598267119,"hold"
"2013-10-16",-1,889.0497,"hold",878.881,876.792,"hold",2,"-1",885.87,898.03,898.33,884.01,2007600,"hold","hold",853.62330343044,878.881,904.138696569561,0.879072571943814,48.9562073411131,61.2131736175681,"hold"
"2013-10-18",-1,1001.2959,"hold",883.816,879.129799999999,"hold",14,"-1",976.58,1011.41,1015.46,974,11566400,"hold","hold",821.530929108173,883.816,946.101070891828,1.52427434193337,64.7465033513211,81.0409710365541,"sell"
"2013-10-21",-0.5,998.2835,"hold",889.656,881.3876,"hold",-1,"0",1011.46,1003.3,1019,999.55,3628300,"hold","hold",808.434992027925,889.656,970.877007972076,1.19959732609494,66.8713415136387,77.8543025365298,"sell"
"2013-10-22",-0.5,1001.965,"hold",895.664,883.817399999999,"hold",0,"2",1005,1007,1013,995.79,2208600,"hold","hold",799.722326176786,895.664,991.605673823214,1.08022752555449,61.6450700834686,78.274039095877,"sell"
"2013-10-23",-0.5,1026.25295,"hold",903.373,886.8206,"hold",2,"-1",1001,1031.41,1034.75,1000.63,2663200,"hold","hold",791.192240134505,903.373,1015.5537598655,1.07067272566845,67.4706341233813,80.8524461145109,"sell"
"2013-10-24",-0.5,1020.42225,"hold",910.742,889.9354,"hold",-1,"-1",1031.87,1025.55,1040.57,1024.8,2092100,"hold","hold",787.349456205815,910.742,1034.13454379419,0.965214495421601,71.3575717574917,78.4455609292977,"sell"
"2013-10-25",-0.5,1010.124,"hold",917.6825,893.0462,"hold",-1,"0",1028.82,1015.2,1028.82,1010.74,2030500,"hold","hold",787.377778385625,917.6825,1047.98722161438,0.874190201213864,69.6537949464178,74.241798985702,"sell"
"2013-10-28",-0.5,1009.925,"hold",924.637,896.207999999999,"hold",0,"2",1015.2,1015,1023.43,1012.99,1158700,"hold","hold",789.244935963736,924.637,1060.02906403627,0.833708628504976,70.5224079822991,74.1590984139771,"sell"
"2013-10-29",-0.5,1031.0588,"hold",932.099000000001,899.619799999999,"hold",2,"-1",1019.1,1036.24,1036.94,1013.5,1605000,"hold","hold",789.56471501565,932.099000000001,1074.63328498435,0.865319123084785,75.9376720314399,77.0792061822489,"sell"
"2013-10-30",0,1030.42,"hold",939.2205,902.919799999999,"hold",-1,"0",1037.43,1030.42,1037.51,1026,1324100,"hold","hold",792.055822244093,939.2205,1086.38517775591,0.809855263473164,75.5648285774553,74.5918623474381,"sell"
"2013-10-31",0,1030.58,"hold",946.945,906.144799999999,"hold",0,"0",1028.93,1030.58,1041.52,1023.97,1640000,"hold","hold",797.643324121931,946.945,1096.24667587807,0.780087278016565,75.8620155204872,74.6161138350089,"sell"
"2013-11-01",0,1027.04,"hold",954.6795,909.211399999999,"hold",0,"0",1031.79,1027.04,1036,1025.1,1283300,"hold","hold",805.609518249817,954.6795,1103.74948175018,0.74270647634902,72.5859545370164,72.9569092488641,"sell"
"2013-11-04",0,1026.11,"hold",962.698,912.329399999999,"hold",0,"0",1031.5,1026.11,1032.37,1022.03,1138800,"hold","hold",816.400049146272,962.698,1108.99595085373,0.716722105914525,69.3708862102548,72.500794152348,"sell"
"2013-11-05",0,1021.52,"hold",971.0905,915.431999999999,"hold",0,"0",1020.35,1021.52,1031.65,1017.42,1181400,"hold","hold",831.67766422438,971.0905,1110.50333577562,0.680863905821283,65.6952380456578,70.169116822331,"sell"
"2013-11-06",0,1022.75,"hold",979.435,918.883999999999,"hold",0,"-1",1025.6,1022.75,1027,1015.37,912900,"hold","hold",848.91472103922,979.435,1109.95527896078,0.665932069502453,71.0728523543727,70.4434363572104,"sell"
"2013-11-07",0,1007.95,"hold",986.4205,922.071999999999,"hold",-1,"1",1022.61,1007.95,1023.93,1007.64,1679600,"hold","hold",865.879594830842,986.4205,1106.96140516916,0.589303709681733,52.8787406065764,62.9431107994051,"hold"
"2013-11-08",0,1016.03,"hold",993.6225,925.283999999999,"hold",1,"-1",1008.75,1016.03,1018.5,1008.5,1290800,"hold","hold",884.631164404,993.6225,1102.613835596,0.602794868406136,48.009453838375,65.1262080481368,"hold"
"2013-11-11",0,1010.59,"hold",1000.3465,928.557799999999,"hold",-1,"0",1009.51,1010.59,1015.93,1008,1112600,"hold","hold",905.509776042453,1000.3465,1095.18322395755,0.554005977708515,50.4426133052827,62.4583256402944,"hold"
"2013-11-12",0,1011.78,"hold",1006.835,931.585799999999,"hold",0,"2",1007.7,1011.78,1017.56,1005,1218100,"hold","hold",929.046561141774,1006.835,1084.62343885823,0.5317849289212,40.6440556144941,62.8171535942316,"hold"
"2013-11-13",0,1032.47,"hold",1013.557,934.802599999999,"hold",2,"0",1006.75,1032.47,1032.85,1006.5,1579400,"buy","hold",953.274124123015,1013.557,1073.83987587699,0.65686876019812,39.0117030344961,68.4614803520125,"hold"
"2013-11-14",0,1035.23,"hold",1020.879,937.915999999999,"hold",0,"0",1033.92,1035.23,1039.75,1030.35,1166700,"hold","hold",1000.87496750653,1020.879,1040.88303249348,0.858702676689835,47.2576882297428,69.1345733525384,"hold"
"2013-11-15",0,1033.56,"hold",1021.9865,940.995599999999,"hold",0,"0",1034.87,1033.56,1038,1030.31,1276300,"hold","hold",1001.75078279008,1021.9865,1042.22221720992,0.785967131284184,46.9040868923564,68.1863227829383,"hold"
"2013-11-18",0,1031.55,"hold",1023.399,943.865599999999,"hold",0,"-1",1035.75,1031.55,1048.74,1029.24,1759700,"hold","hold",1004.69181752909,1023.399,1042.10618247091,0.717857499724333,47.3856535260244,66.9952559115447,"hold"
"2013-11-19",0,1025.2,"hold",1024.309,946.596199999999,"hold",-1,"0",1031.72,1025.2,1034.75,1023.05,1131600,"hold","hold",1007.17687940738,1024.309,1041.44112059262,0.526003786139106,40.6416739849671,63.2371132449627,"hold"
"2013-11-20",0,1022.31,"hold",1023.854,949.118599999999,"hold",0,"1",1029.95,1022.31,1033.36,1020.36,963700,"hold","hold",1007.01963585994,1023.854,1040.68836414006,0.454141422059217,32.8810747765009,61.5449948265338,"hold"
"2013-11-21",0,1034.07,"hold",1024.28,951.938799999999,"hold",1,"0",1027,1034.07,1038.31,1026,1091800,"hold","hold",1006.87402516376,1024.28,1041.68597483625,0.78122527155484,39.5258296934076,65.5809951158935,"hold"
"2013-11-22",0,1031.89,"hold",1025.1145,954.795199999999,"hold",0,"1",1033.42,1031.89,1036.17,1029.22,1254200,"hold","hold",1007.93091658443,1025.1145,1042.29808341557,0.697150379991719,39.2510288340836,64.2351201634813,"hold"
"2013-11-25",0,1045.93,"hold",1026.661,957.958599999999,"hold",1,"1",1037.16,1045.93,1053.19,1035.02,1613000,"hold","hold",1007.90186153364,1026.661,1045.42013846636,1.01358968415729,47.337676906192,68.6915185613451,"hold"
"2013-11-26",0,1058.41,"hold",1027.7695,961.404599999999,"hold",1,"0",1048.6,1058.41,1061.5,1042.94,2286300,"hold","hold",1004.74259098033,1027.7695,1050.79640901967,1.16531943071106,55.8896346018014,72.0279602349014,"sell"
"2013-11-27",-0.5,1057.79445,"hold",1029.404,964.600399999999,"hold",0,"0",1062.03,1063.11,1068,1060,1123600,"hold","hold",1001.69231769813,1029.404,1057.11568230187,1.10815506674815,63.4708064571196,73.1868377221602,"sell"
"2013-11-29",0,1059.59,"hold",1030.8545,967.824399999999,"hold",0,"0",1062.16,1059.59,1066.62,1059.45,1192800,"hold","hold",1000.17089103691,1030.8545,1061.53810896309,0.968254891961425,56.8807238848542,70.8203674462191,"sell"
"2013-12-02",0,1054.48,"hold",1032.2265,970.851799999999,"hold",0,"0",1063.51,1054.48,1066.35,1050.76,1373200,"hold","hold",999.935989149288,1032.2265,1064.51701085071,0.844582656231163,55.9424236701488,67.4125841719589,"hold"
"2013-12-03",0,1053.26,"hold",1033.584,974.186999999999,"hold",0,"0",1050.95,1053.26,1063.44,1049.02,1676100,"hold","hold",1000.17284653293,1033.584,1066.99515346707,0.794452569849066,54.464982113047,66.5887528753738,"hold"
"2013-12-04",0,1058.18,"hold",1035.417,977.613799999999,"hold",0,"0",1051.37,1058.18,1063.98,1050,1191600,"hold","hold",1000.85184060503,1035.417,1069.98215939498,0.829276653116044,53.6501327179841,68.2726702891195,"hold"
"2013-12-05",0,1057.34,"hold",1037.1465,981.215999999999,"hold",0,"1",1057.2,1057.34,1059.66,1051.09,1133700,"hold","hold",1001.83618180546,1037.1465,1072.45681819455,0.785943330908858,47.6253837054458,67.6458141317874,"hold"
"2013-12-06",-0.5,1064.52065,"hold",1040.2425,985.049999999999,"hold",1,"1",1069.79,1069.87,1070,1060.08,1428800,"hold","hold",1004.85668257268,1040.2425,1075.62831742733,0.91863523515951,54.7034575516836,71.8045096710932,"sell"
